public_product_path,canonical_url,enrichment_status,attempts,expansion,product_label,version,rarity,edition,printed_code,from_status,from_cents,from_eur,available_count,price_trend_cents,price_trend_eur,avg_1d_cents,avg_1d_eur,avg_7d_cents,avg_7d_eur,avg_30d_cents,avg_30d_eur,detail_ok,fields_present,fields_absent,source_date
/en/YuGiOh/Products/Singles/2016-MegaTins/Blue-Eyes-White-Dragon,https://www.cardmarket.com/en/YuGiOh/Products/Singles/2016-MegaTins/Blue-Eyes-White-Dragon,pending,0,2016 MegaTins,,,,,,priced,499,4.99,265,,,,,,,,,no,,,2026-08-04
/en/YuGiOh/Products/Singles/2017-MegaTins/Blue-Eyes-White-Dragon,https://www.cardmarket.com/en/YuGiOh/Products/Singles/2017-MegaTins/Blue-Eyes-White-Dragon,pending,0,2017 MegaTins,,,,,,priced,60,0.60,1026,,,,,,,,,no,,,2026-08-04
/en/YuGiOh/Products/Singles/2022-Ghosts-From-the-Past/Blue-Eyes-White-Dragon,https://www.cardmarket.com/en/YuGiOh/Products/Singles/2022-Ghosts-From-the-Past/Blue-Eyes-White-Dragon,pending,0,2022 Ghosts From the Past,,,,,,priced,18990,189.90,92,,,,,,,,,no,,,2026-08-04
/en/YuGiOh/Products/Singles/2022-Tin-of-the-Pharaohs-Gods/Blue-Eyes-White-Dragon,https://www.cardmarket.com/en/YuGiOh/Products/Singles/2022-Tin-of-the-Pharaohs-Gods/Blue-Eyes-White-Dragon,pending,0,2022 Tin of the Pharaohs Gods,,,,,,priced,389,3.89,547,,,,,,,,,no,,,2026-08-04
/en/YuGiOh/Products/Singles/20th-Anniversary-Duelist-Box/Blue-Eyes-White-Dragon,https://www.cardmarket.com/en/YuGiOh/Products/Singles/20th-Anniversary-Duelist-Box/Blue-Eyes-White-Dragon,pending,0,20th Anniversary Duelist Box,,,,,,priced,9749,97.49,14,,,,,,,,,no,,,2026-08-04
/en/YuGiOh/Products/Singles/20th-Anniversary-Legend-Collection/Blue-Eyes-White-Dragon-V1-Ultra-Rare,https://www.cardmarket.com/en/YuGiOh/Products/Singles/20th-Anniversary-Legend-Collection/Blue-Eyes-White-Dragon-V1-Ultra-Rare,pending,0,20th Anniversary Legend Collection,,V1,Ultra Rare,,,priced,200,2.00,31,,,,,,,,,no,,,2026-08-04
/en/YuGiOh/Products/Singles/20th-Anniversary-Legend-Collection/Blue-Eyes-White-Dragon-V2-Secret-Rare,https://www.cardmarket.com/en/YuGiOh/Products/Singles/20th-Anniversary-Legend-Collection/Blue-Eyes-White-Dragon-V2-Secret-Rare,pending,0,20th Anniversary Legend Collection,,V2,Secret Rare,,,priced,999,9.99,14,,,,,,,,,no,,,2026-08-04
/en/YuGiOh/Products/Singles/20th-Anniversary-Pack-1st-Wave/Blue-Eyes-White-Dragon,https://www.cardmarket.com/en/YuGiOh/Products/Singles/20th-Anniversary-Pack-1st-Wave/Blue-Eyes-White-Dragon,pending,0,20th Anniversary Pack 1st Wave,,,,,,priced,6800,68.00,25,,,,,,,,,no,,,2026-08-04
/en/YuGiOh/Products/Singles/20th-Secret-Rare-Special-Pack/Blue-Eyes-White-Dragon,https://www.cardmarket.com/en/YuGiOh/Products/Singles/20th-Secret-Rare-Special-Pack/Blue-Eyes-White-Dragon,pending,0,20th Secret Rare Special Pack,,,Secret Rare,,,priced,19000,190.00,7,,,,,,,,,no,,,2026-08-04
/en/YuGiOh/Products/Singles/25th-Anniversary-Tin-Dueling-Mirrors/Blue-Eyes-White-Dragon,https://www.cardmarket.com/en/YuGiOh/Products/Singles/25th-Anniversary-Tin-Dueling-Mirrors/Blue-Eyes-White-Dragon,pending,0,25th Anniversary Tin Dueling Mirrors,,,,,,priced,1799,17.99,804,,,,,,,,,no,,,2026-08-04
/en/YuGiOh/Products/Singles/25th-Anniversary-Ukiyo-e-Style-Limited-OCG-Card-Set/Blue-Eyes-White-Dragon,https://www.cardmarket.com/en/YuGiOh/Products/Singles/25th-Anniversary-Ukiyo-e-Style-Limited-OCG-Card-Set/Blue-Eyes-White-Dragon,pending,0,25th Anniversary Ukiyo e Style Limited OCG Card Set,,,,,,priced,26000,260.00,24,,,,,,,,,no,,,2026-08-04
/en/YuGiOh/Products/Singles/25th-Anniversary-Ultimate-Kaiba-Set/Blue-Eyes-White-Dragon-V1-Ultra-Rare,https://www.cardmarket.com/en/YuGiOh/Products/Singles/25th-Anniversary-Ultimate-Kaiba-Set/Blue-Eyes-White-Dragon-V1-Ultra-Rare,pending,0,25th Anniversary Ultimate Kaiba Set,,V1,Ultra Rare,,,priced,495,4.95,18,,,,,,,,,no,,,2026-08-04
/en/YuGiOh/Products/Singles/25th-Anniversary-Ultimate-Kaiba-Set/Blue-Eyes-White-Dragon-V2-Quarter-Century-Secret-Rare,https://www.cardmarket.com/en/YuGiOh/Products/Singles/25th-Anniversary-Ultimate-Kaiba-Set/Blue-Eyes-White-Dragon-V2-Quarter-Century-Secret-Rare,pending,0,25th Anniversary Ultimate Kaiba Set,,V2,Quarter Century Secret Rare,,,priced,27900,279.00,13,,,,,,,,,no,,,2026-08-04
/en/YuGiOh/Products/Singles/25th-Anniversary-Ultimate-Kaiba-Set/Blue-Eyes-White-Dragon-V3-Secret-Rare,https://www.cardmarket.com/en/YuGiOh/Products/Singles/25th-Anniversary-Ultimate-Kaiba-Set/Blue-Eyes-White-Dragon-V3-Secret-Rare,pending,0,25th Anniversary Ultimate Kaiba Set,,V3,Secret Rare,,,priced,11994,119.94,22,,,,,,,,,no,,,2026-08-04
/en/YuGiOh/Products/Singles/7-Eleven-Collaboration-Campaign/Blue-Eyes-White-Dragon,https://www.cardmarket.com/en/YuGiOh/Products/Singles/7-Eleven-Collaboration-Campaign/Blue-Eyes-White-Dragon,pending,0,7 Eleven Collaboration Campaign,,,,,,priced,1195,11.95,38,,,,,,,,,no,,,2026-08-04
/en/YuGiOh/Products/Singles/Animation-Chronicle-2022/Blue-Eyes-White-Dragon,https://www.cardmarket.com/en/YuGiOh/Products/Singles/Animation-Chronicle-2022/Blue-Eyes-White-Dragon,pending,0,Animation Chronicle 2022,,,,,,priced,18500,185.00,16,,,,,,,,,no,,,2026-08-04
/en/YuGiOh/Products/Singles/Anniversary-Pack/Blue-Eyes-White-Dragon,https://www.cardmarket.com/en/YuGiOh/Products/Singles/Anniversary-Pack/Blue-Eyes-White-Dragon,pending,0,Anniversary Pack,,,,,,priced,490,4.90,203,,,,,,,,,no,,,2026-08-04
/en/YuGiOh/Products/Singles/Banzai-Promos/Blue-Eyes-White-Dragon,https://www.cardmarket.com/en/YuGiOh/Products/Singles/Banzai-Promos/Blue-Eyes-White-Dragon,pending,0,Banzai Promos,,,,,,priced,5,0.05,217,,,,,,,,,no,,,2026-08-04
/en/YuGiOh/Products/Singles/Battles-of-Legend-Monster-Mayhem/Blue-Eyes-White-Dragon-V1-Secret-Rare,https://www.cardmarket.com/en/YuGiOh/Products/Singles/Battles-of-Legend-Monster-Mayhem/Blue-Eyes-White-Dragon-V1-Secret-Rare,pending,0,Battles of Legend Monster Mayhem,,V1,Secret Rare,,,priced,500,5.00,518,,,,,,,,,no,,,2026-08-04
/en/YuGiOh/Products/Singles/Battles-of-Legend-Monster-Mayhem/Blue-Eyes-White-Dragon-V2-Starlight-Rare,https://www.cardmarket.com/en/YuGiOh/Products/Singles/Battles-of-Legend-Monster-Mayhem/Blue-Eyes-White-Dragon-V2-Starlight-Rare,pending,0,Battles of Legend Monster Mayhem,,V2,Starlight Rare,,,priced,6999,69.99,54,,,,,,,,,no,,,2026-08-04
/en/YuGiOh/Products/Singles/Beginners-Edition-1-2011/Blue-Eyes-White-Dragon,https://www.cardmarket.com/en/YuGiOh/Products/Singles/Beginners-Edition-1-2011/Blue-Eyes-White-Dragon,pending,0,Beginners Edition 1 2011,,,,,,priced,1395,13.95,4,,,,,,,,,no,,,2026-08-04
/en/YuGiOh/Products/Singles/Beginners-Edition-1/Blue-Eyes-White-Dragon,https://www.cardmarket.com/en/YuGiOh/Products/Singles/Beginners-Edition-1/Blue-Eyes-White-Dragon,pending,0,Beginners Edition 1,,,,,,priced,990,9.90,5,,,,,,,,,no,,,2026-08-04
/en/YuGiOh/Products/Singles/Booster-Pack-Tin/Blue-Eyes-White-Dragon-V-1,https://www.cardmarket.com/en/YuGiOh/Products/Singles/Booster-Pack-Tin/Blue-Eyes-White-Dragon-V-1,pending,0,Booster Pack Tin,,V1,,,,priced,1299,12.99,99,,,,,,,,,no,,,2026-08-04
/en/YuGiOh/Products/Singles/Booster-Pack-Tin/Blue-Eyes-White-Dragon-V-2,https://www.cardmarket.com/en/YuGiOh/Products/Singles/Booster-Pack-Tin/Blue-Eyes-White-Dragon-V-2,pending,0,Booster Pack Tin,,V2,,,,priced,385,3.85,149,,,,,,,,,no,,,2026-08-04
/en/YuGiOh/Products/Singles/Dark-Beginning-1/Blue-Eyes-White-Dragon,https://www.cardmarket.com/en/YuGiOh/Products/Singles/Dark-Beginning-1/Blue-Eyes-White-Dragon,pending,0,Dark Beginning 1,,,,,,priced,79,0.79,146,,,,,,,,,no,,,2026-08-04
/en/YuGiOh/Products/Singles/Dark-Duel-Stories/Blue-Eyes-White-Dragon,https://www.cardmarket.com/en/YuGiOh/Products/Singles/Dark-Duel-Stories/Blue-Eyes-White-Dragon,pending,0,Dark Duel Stories,,,,,,priced,29000,290.00,23,,,,,,,,,no,,,2026-08-04
/en/YuGiOh/Products/Singles/Dark-Legends/Blue-Eyes-White-Dragon,https://www.cardmarket.com/en/YuGiOh/Products/Singles/Dark-Legends/Blue-Eyes-White-Dragon,pending,0,Dark Legends,,,,,,priced,400,4.00,29,,,,,,,,,no,,,2026-08-04
/en/YuGiOh/Products/Singles/Duel-Overload/Blue-Eyes-White-Dragon,https://www.cardmarket.com/en/YuGiOh/Products/Singles/Duel-Overload/Blue-Eyes-White-Dragon,pending,0,Duel Overload,,,,,,priced,35,0.35,864,,,,,,,,,no,,,2026-08-04
/en/YuGiOh/Products/Singles/Duel-Royale-Deck-Set-EX/Blue-Eyes-White-Dragon-V1-Common,https://www.cardmarket.com/en/YuGiOh/Products/Singles/Duel-Royale-Deck-Set-EX/Blue-Eyes-White-Dragon-V1-Common,pending,0,Duel Royale Deck Set EX,,V1,Common,,,na,,,,,,,,,,,,no,,,2026-08-04
/en/YuGiOh/Products/Singles/Duel-Royale-Deck-Set-EX/Blue-Eyes-White-Dragon-V2-Ultra-Rare,https://www.cardmarket.com/en/YuGiOh/Products/Singles/Duel-Royale-Deck-Set-EX/Blue-Eyes-White-Dragon-V2-Ultra-Rare,pending,0,Duel Royale Deck Set EX,,V2,Ultra Rare,,,priced,1999,19.99,3,,,,,,,,,no,,,2026-08-04
/en/YuGiOh/Products/Singles/Duel-Terminal-1/Blue-Eyes-White-Dragon,https://www.cardmarket.com/en/YuGiOh/Products/Singles/Duel-Terminal-1/Blue-Eyes-White-Dragon,pending,0,Duel Terminal 1,,,,,,priced,300,3.00,65,,,,,,,,,no,,,2026-08-04
/en/YuGiOh/Products/Singles/Duel-Terminal-Preview/Blue-Eyes-White-Dragon,https://www.cardmarket.com/en/YuGiOh/Products/Singles/Duel-Terminal-Preview/Blue-Eyes-White-Dragon,pending,0,Duel Terminal Preview,,,,,,priced,199999,1999.99,2,,,,,,,,,no,,,2026-08-04
/en/YuGiOh/Products/Singles/Duelist-League-09/Blue-Eyes-White-Dragon-V1-Rare,https://www.cardmarket.com/en/YuGiOh/Products/Singles/Duelist-League-09/Blue-Eyes-White-Dragon-V1-Rare,pending,0,Duelist League 09,,V1,Rare,,,priced,999,9.99,118,,,,,,,,,no,,,2026-08-04
/en/YuGiOh/Products/Singles/Duelist-League-09/Blue-Eyes-White-Dragon-V2-Rare,https://www.cardmarket.com/en/YuGiOh/Products/Singles/Duelist-League-09/Blue-Eyes-White-Dragon-V2-Rare,pending,0,Duelist League 09,,V2,Rare,,,priced,1000,10.00,101,,,,,,,,,no,,,2026-08-04
/en/YuGiOh/Products/Singles/Duelist-League-09/Blue-Eyes-White-Dragon-V3-Rare,https://www.cardmarket.com/en/YuGiOh/Products/Singles/Duelist-League-09/Blue-Eyes-White-Dragon-V3-Rare,pending,0,Duelist League 09,,V3,Rare,,,priced,600,6.00,130,,,,,,,,,no,,,2026-08-04
/en/YuGiOh/Products/Singles/Duelist-League-09/Blue-Eyes-White-Dragon-V4-Rare,https://www.cardmarket.com/en/YuGiOh/Products/Singles/Duelist-League-09/Blue-Eyes-White-Dragon-V4-Rare,pending,0,Duelist League 09,,V4,Rare,,,priced,1000,10.00,108,,,,,,,,,no,,,2026-08-04
/en/YuGiOh/Products/Singles/Duelist-League-Series-1/Blue-Eyes-White-Dragon,https://www.cardmarket.com/en/YuGiOh/Products/Singles/Duelist-League-Series-1/Blue-Eyes-White-Dragon,pending,0,Duelist League Series 1,,,,,,priced,100,1.00,158,,,,,,,,,no,,,2026-08-04
/en/YuGiOh/Products/Singles/Duelist-Legacy-Volume-2/Blue-Eyes-White-Dragon-V1-Ultra-Rare,https://www.cardmarket.com/en/YuGiOh/Products/Singles/Duelist-Legacy-Volume-2/Blue-Eyes-White-Dragon-V1-Ultra-Rare,pending,0,Duelist Legacy Volume 2,,V1,Ultra Rare,,,priced,500,5.00,16,,,,,,,,,no,,,2026-08-04
/en/YuGiOh/Products/Singles/Duelist-Legacy-Volume-2/Blue-Eyes-White-Dragon-V2-Ultra-Parallel-Rare,https://www.cardmarket.com/en/YuGiOh/Products/Singles/Duelist-Legacy-Volume-2/Blue-Eyes-White-Dragon-V2-Ultra-Parallel-Rare,pending,0,Duelist Legacy Volume 2,,V2,Rare,,,priced,1200,12.00,9,,,,,,,,,no,,,2026-08-04
/en/YuGiOh/Products/Singles/Duelist-of-the-Roses/Blue-Eyes-White-Dragon,https://www.cardmarket.com/en/YuGiOh/Products/Singles/Duelist-of-the-Roses/Blue-Eyes-White-Dragon,pending,0,Duelist of the Roses,,,,,,priced,7711,77.11,51,,,,,,,,,no,,,2026-08-04
/en/YuGiOh/Products/Singles/Duelist-Pack-Battle-City-Japanese/Blue-Eyes-White-Dragon,https://www.cardmarket.com/en/YuGiOh/Products/Singles/Duelist-Pack-Battle-City-Japanese/Blue-Eyes-White-Dragon,pending,0,Duelist Pack Battle City Japanese,,,,,,priced,499,4.99,7,,,,,,,,,no,,,2026-08-04
/en/YuGiOh/Products/Singles/Duelist-Pack-Battle-City/Blue-Eyes-White-Dragon,https://www.cardmarket.com/en/YuGiOh/Products/Singles/Duelist-Pack-Battle-City/Blue-Eyes-White-Dragon,pending,0,Duelist Pack Battle City,,,,,,priced,70,0.70,404,,,,,,,,,no,,,2026-08-04
/en/YuGiOh/Products/Singles/Duelist-Pack-Kaiba/Blue-Eyes-White-Dragon-V1-Super-Rare,https://www.cardmarket.com/en/YuGiOh/Products/Singles/Duelist-Pack-Kaiba/Blue-Eyes-White-Dragon-V1-Super-Rare,pending,0,Duelist Pack Kaiba,,V1,Super Rare,,,priced,100,1.00,202,,,,,,,,,no,,,2026-08-04
/en/YuGiOh/Products/Singles/Duelist-Pack-Kaiba/Blue-Eyes-White-Dragon-V2-Super-Rare,https://www.cardmarket.com/en/YuGiOh/Products/Singles/Duelist-Pack-Kaiba/Blue-Eyes-White-Dragon-V2-Super-Rare,pending,0,Duelist Pack Kaiba,,V2,Super Rare,,,priced,1250,12.50,101,,,,,,,,,no,,,2026-08-04
/en/YuGiOh/Products/Singles/Duelist-Pack-Legend-Duelist-3/Blue-Eyes-White-Dragon,https://www.cardmarket.com/en/YuGiOh/Products/Singles/Duelist-Pack-Legend-Duelist-3/Blue-Eyes-White-Dragon,pending,0,Duelist Pack Legend Duelist 3,,,,,,priced,70,0.70,28,,,,,,,,,no,,,2026-08-04
/en/YuGiOh/Products/Singles/Duelist-Road-Piece-of-Memory-Side-Yami-Yugi/Blue-Eyes-White-Dragon-V1-Parallel-Rare,https://www.cardmarket.com/en/YuGiOh/Products/Singles/Duelist-Road-Piece-of-Memory-Side-Yami-Yugi/Blue-Eyes-White-Dragon-V1-Parallel-Rare,pending,0,Duelist Road Piece of Memory Side Yami Yugi,,V1,Rare,,,priced,600,6.00,23,,,,,,,,,no,,,2026-08-04
/en/YuGiOh/Products/Singles/Duelist-Road-Piece-of-Memory-Side-Yami-Yugi/Blue-Eyes-White-Dragon-V2-Secret-Rare,https://www.cardmarket.com/en/YuGiOh/Products/Singles/Duelist-Road-Piece-of-Memory-Side-Yami-Yugi/Blue-Eyes-White-Dragon-V2-Secret-Rare,pending,0,Duelist Road Piece of Memory Side Yami Yugi,,V2,Secret Rare,,,priced,1750,17.50,37,,,,,,,,,no,,,2026-08-04
/en/YuGiOh/Products/Singles/Duelist-Saga/Blue-Eyes-White-Dragon,https://www.cardmarket.com/en/YuGiOh/Products/Singles/Duelist-Saga/Blue-Eyes-White-Dragon,pending,0,Duelist Saga,,,,,,priced,600,6.00,372,,,,,,,,,no,,,2026-08-04
/en/YuGiOh/Products/Singles/EX-R-Starter-Box/Blue-Eyes-White-Dragon,https://www.cardmarket.com/en/YuGiOh/Products/Singles/EX-R-Starter-Box/Blue-Eyes-White-Dragon,pending,0,EX R Starter Box,,,,,,priced,290,2.90,52,,,,,,,,,no,,,2026-08-04
/en/YuGiOh/Products/Singles/EX-Starter-Box/Blue-Eyes-White-Dragon,https://www.cardmarket.com/en/YuGiOh/Products/Singles/EX-Starter-Box/Blue-Eyes-White-Dragon,pending,0,EX Starter Box,,,,,,priced,245,2.45,104,,,,,,,,,no,,,2026-08-04
/en/YuGiOh/Products/Singles/Forbidden-Legacy-1/Blue-Eyes-White-Dragon,https://www.cardmarket.com/en/YuGiOh/Products/Singles/Forbidden-Legacy-1/Blue-Eyes-White-Dragon,pending,0,Forbidden Legacy 1,,,,,,priced,699,6.99,95,,,,,,,,,no,,,2026-08-04
/en/YuGiOh/Products/Singles/Gold-Series-5-Haunted-Mine/Blue-Eyes-White-Dragon,https://www.cardmarket.com/en/YuGiOh/Products/Singles/Gold-Series-5-Haunted-Mine/Blue-Eyes-White-Dragon,pending,0,Gold Series 5 Haunted Mine,,,,,,priced,3000,30.00,237,,,,,,,,,no,,,2026-08-04
/en/YuGiOh/Products/Singles/Hidden-Arsenal-Chapter-1/Blue-Eyes-White-Dragon,https://www.cardmarket.com/en/YuGiOh/Products/Singles/Hidden-Arsenal-Chapter-1/Blue-Eyes-White-Dragon,pending,0,Hidden Arsenal Chapter 1,,,,,,priced,8,0.08,2391,,,,,,,,,no,,,2026-08-04
/en/YuGiOh/Products/Singles/History-Archive-Collection/Blue-Eyes-White-Dragon,https://www.cardmarket.com/en/YuGiOh/Products/Singles/History-Archive-Collection/Blue-Eyes-White-Dragon,pending,0,History Archive Collection,,,,,,priced,1990,19.90,19,,,,,,,,,no,,,2026-08-04
/en/YuGiOh/Products/Singles/Jump-Ryu-Vol08-Promotional-Card/Blue-Eyes-White-Dragon,https://www.cardmarket.com/en/YuGiOh/Products/Singles/Jump-Ryu-Vol08-Promotional-Card/Blue-Eyes-White-Dragon,pending,0,Jump Ryu Vol08 Promotional Card,,,,,,priced,14700,147.00,17,,,,,,,,,no,,,2026-08-04
/en/YuGiOh/Products/Singles/Kaibas-Collector-Box/Blue-Eyes-White-Dragon-V-1,https://www.cardmarket.com/en/YuGiOh/Products/Singles/Kaibas-Collector-Box/Blue-Eyes-White-Dragon-V-1,pending,0,Kaibas Collector Box,,V1,,,,priced,60,0.60,413,,,,,,,,,no,,,2026-08-04
/en/YuGiOh/Products/Singles/Kaibas-Collector-Box/Blue-Eyes-White-Dragon-V-2,https://www.cardmarket.com/en/YuGiOh/Products/Singles/Kaibas-Collector-Box/Blue-Eyes-White-Dragon-V-2,pending,0,Kaibas Collector Box,,V2,,,,priced,4000,40.00,6,,,,,,,,,no,,,2026-08-04
/en/YuGiOh/Products/Singles/Legend-of-Blue-Eyes-White-Dragon-25th-Anniversary-Edition/Blue-Eyes-White-Dragon,https://www.cardmarket.com/en/YuGiOh/Products/Singles/Legend-of-Blue-Eyes-White-Dragon-25th-Anniversary-Edition/Blue-Eyes-White-Dragon,pending,0,Legend of Blue Eyes White Dragon 25th Anniversary Edition,,,,,,priced,2190,21.90,172,,,,,,,,,no,,,2026-08-04
/en/YuGiOh/Products/Singles/Legend-of-Blue-Eyes-White-Dragon-Japanese/Blue-Eyes-White-Dragon,https://www.cardmarket.com/en/YuGiOh/Products/Singles/Legend-of-Blue-Eyes-White-Dragon-Japanese/Blue-Eyes-White-Dragon,pending,0,Legend of Blue Eyes White Dragon Japanese,,,,,,priced,1999,19.99,41,,,,,,,,,no,,,2026-08-04
/en/YuGiOh/Products/Singles/Legend-of-Blue-Eyes-White-Dragon-Korean/Blue-Eyes-White-Dragon,https://www.cardmarket.com/en/YuGiOh/Products/Singles/Legend-of-Blue-Eyes-White-Dragon-Korean/Blue-Eyes-White-Dragon,pending,0,Legend of Blue Eyes White Dragon Korean,,,,,,priced,860,8.60,40,,,,,,,,,no,,,2026-08-04
/en/YuGiOh/Products/Singles/Legend-of-Blue-Eyes-White-Dragon-LDB/Blue-Eyes-White-Dragon,https://www.cardmarket.com/en/YuGiOh/Products/Singles/Legend-of-Blue-Eyes-White-Dragon-LDB/Blue-Eyes-White-Dragon,pending,0,Legend of Blue Eyes White Dragon LDB,,,,,,priced,5000,50.00,21,,,,,,,,,no,,,2026-08-04
/en/YuGiOh/Products/Singles/Legend-of-Blue-Eyes-White-Dragon-LDD/Blue-Eyes-White-Dragon-V1-Ultra-Rare,https://www.cardmarket.com/en/YuGiOh/Products/Singles/Legend-of-Blue-Eyes-White-Dragon-LDD/Blue-Eyes-White-Dragon-V1-Ultra-Rare,pending,0,Legend of Blue Eyes White Dragon LDD,,V1,Ultra Rare,,,priced,1200,12.00,134,,,,,,,,,no,,,2026-08-04
/en/YuGiOh/Products/Singles/Legend-of-Blue-Eyes-White-Dragon-LDD/Blue-Eyes-White-Dragon-V2-Ultra-Rare,https://www.cardmarket.com/en/YuGiOh/Products/Singles/Legend-of-Blue-Eyes-White-Dragon-LDD/Blue-Eyes-White-Dragon-V2-Ultra-Rare,pending,0,Legend of Blue Eyes White Dragon LDD,,V2,Ultra Rare,,,priced,900,9.00,107,,,,,,,,,no,,,2026-08-04
/en/YuGiOh/Products/Singles/Legend-of-Blue-Eyes-White-Dragon/Blue-Eyes-White-Dragon-V1-Ultra-Rare,https://www.cardmarket.com/en/YuGiOh/Products/Singles/Legend-of-Blue-Eyes-White-Dragon/Blue-Eyes-White-Dragon-V1-Ultra-Rare,pending,0,Legend of Blue Eyes White Dragon,,V1,Ultra Rare,,,priced,456,4.56,248,,,,,,,,,no,,,2026-08-04
/en/YuGiOh/Products/Singles/Legend-of-Blue-Eyes-White-Dragon/Blue-Eyes-White-Dragon-V2-Ultra-Rare,https://www.cardmarket.com/en/YuGiOh/Products/Singles/Legend-of-Blue-Eyes-White-Dragon/Blue-Eyes-White-Dragon-V2-Ultra-Rare,pending,0,Legend of Blue Eyes White Dragon,,V2,Ultra Rare,,,priced,999,9.99,91,,,,,,,,,no,,,2026-08-04
/en/YuGiOh/Products/Singles/Legend-of-Blue-Eyes-White-Dragon/Blue-Eyes-White-Dragon-V3-Secret-Rare,https://www.cardmarket.com/en/YuGiOh/Products/Singles/Legend-of-Blue-Eyes-White-Dragon/Blue-Eyes-White-Dragon-V3-Secret-Rare,pending,0,Legend of Blue Eyes White Dragon,,V3,Secret Rare,,,priced,5000,50.00,3,,,,,,,,,no,,,2026-08-04
/en/YuGiOh/Products/Singles/Legend-of-Blue-Eyes-White-Dragon/Blue-Eyes-White-Dragon-V4-Ultra-Rare,https://www.cardmarket.com/en/YuGiOh/Products/Singles/Legend-of-Blue-Eyes-White-Dragon/Blue-Eyes-White-Dragon-V4-Ultra-Rare,pending,0,Legend of Blue Eyes White Dragon,,V4,Ultra Rare,,,priced,3798,37.98,7,,,,,,,,,no,,,2026-08-04
/en/YuGiOh/Products/Singles/Legendary-Collection-25th-Anniversary-Edition/Blue-Eyes-White-Dragon-V1-Ultra-Rare,https://www.cardmarket.com/en/YuGiOh/Products/Singles/Legendary-Collection-25th-Anniversary-Edition/Blue-Eyes-White-Dragon-V1-Ultra-Rare,pending,0,Legendary Collection 25th Anniversary Edition,,V1,Ultra Rare,,,priced,10,0.10,2696,,,,,,,,,no,,,2026-08-04
/en/YuGiOh/Products/Singles/Legendary-Collection-25th-Anniversary-Edition/Blue-Eyes-White-Dragon-V2-Special,https://www.cardmarket.com/en/YuGiOh/Products/Singles/Legendary-Collection-25th-Anniversary-Edition/Blue-Eyes-White-Dragon-V2-Special,pending,0,Legendary Collection 25th Anniversary Edition,,V2,,,,priced,400,4.00,694,,,,,,,,,no,,,2026-08-04
/en/YuGiOh/Products/Singles/Legendary-Collection-Kaiba-Mega-Pack/Blue-Eyes-White-Dragon-V-1,https://www.cardmarket.com/en/YuGiOh/Products/Singles/Legendary-Collection-Kaiba-Mega-Pack/Blue-Eyes-White-Dragon-V-1,pending,0,Legendary Collection Kaiba Mega Pack,,V1,,,,priced,30,0.30,1234,,,,,,,,,no,,,2026-08-04
/en/YuGiOh/Products/Singles/Legendary-Collection-Kaiba-Mega-Pack/Blue-Eyes-White-Dragon-V-2,https://www.cardmarket.com/en/YuGiOh/Products/Singles/Legendary-Collection-Kaiba-Mega-Pack/Blue-Eyes-White-Dragon-V-2,pending,0,Legendary Collection Kaiba Mega Pack,,V2,,,,priced,50,0.50,1087,,,,,,,,,no,,,2026-08-04
/en/YuGiOh/Products/Singles/Legendary-Collection-Kaiba-Mega-Pack/Blue-Eyes-White-Dragon-V-3,https://www.cardmarket.com/en/YuGiOh/Products/Singles/Legendary-Collection-Kaiba-Mega-Pack/Blue-Eyes-White-Dragon-V-3,pending,0,Legendary Collection Kaiba Mega Pack,,V3,,,,priced,600,6.00,734,,,,,,,,,no,,,2026-08-04
/en/YuGiOh/Products/Singles/Legendary-Collection-Kaiba-Mega-Pack/Blue-Eyes-White-Dragon-V-4,https://www.cardmarket.com/en/YuGiOh/Products/Singles/Legendary-Collection-Kaiba-Mega-Pack/Blue-Eyes-White-Dragon-V-4,pending,0,Legendary Collection Kaiba Mega Pack,,V4,,,,priced,10,0.10,1136,,,,,,,,,no,,,2026-08-04
/en/YuGiOh/Products/Singles/Legendary-Collection/Blue-Eyes-White-Dragon,https://www.cardmarket.com/en/YuGiOh/Products/Singles/Legendary-Collection/Blue-Eyes-White-Dragon,pending,0,Legendary Collection,,,,,,priced,4,0.04,760,,,,,,,,,no,,,2026-08-04
/en/YuGiOh/Products/Singles/Legendary-Decks-II/Blue-Eyes-White-Dragon-V-1,https://www.cardmarket.com/en/YuGiOh/Products/Singles/Legendary-Decks-II/Blue-Eyes-White-Dragon-V-1,pending,0,Legendary Decks II,,V1,,,,priced,2,0.02,445,,,,,,,,,no,,,2026-08-04
/en/YuGiOh/Products/Singles/Legendary-Decks-II/Blue-Eyes-White-Dragon-V-2,https://www.cardmarket.com/en/YuGiOh/Products/Singles/Legendary-Decks-II/Blue-Eyes-White-Dragon-V-2,pending,0,Legendary Decks II,,V2,,,,priced,2,0.02,2018,,,,,,,,,no,,,2026-08-04
/en/YuGiOh/Products/Singles/Legendary-Decks-II/Blue-Eyes-White-Dragon-V-3,https://www.cardmarket.com/en/YuGiOh/Products/Singles/Legendary-Decks-II/Blue-Eyes-White-Dragon-V-3,pending,0,Legendary Decks II,,V3,,,,priced,2,0.02,1837,,,,,,,,,no,,,2026-08-04
/en/YuGiOh/Products/Singles/Legendary-Duelists-Season-2/Blue-Eyes-White-Dragon-V1-Ultra-Rare,https://www.cardmarket.com/en/YuGiOh/Products/Singles/Legendary-Duelists-Season-2/Blue-Eyes-White-Dragon-V1-Ultra-Rare,pending,0,Legendary Duelists Season 2,,V1,Ultra Rare,,,priced,85,0.85,331,,,,,,,,,no,,,2026-08-04
/en/YuGiOh/Products/Singles/Legendary-Duelists-Season-2/Blue-Eyes-White-Dragon-V2-Ultra-Rare,https://www.cardmarket.com/en/YuGiOh/Products/Singles/Legendary-Duelists-Season-2/Blue-Eyes-White-Dragon-V2-Ultra-Rare,pending,0,Legendary Duelists Season 2,,V2,Ultra Rare,,,priced,149,1.49,151,,,,,,,,,no,,,2026-08-04
/en/YuGiOh/Products/Singles/Legendary-Duelists-Season-2/Blue-Eyes-White-Dragon-V3-Ultra-Rare,https://www.cardmarket.com/en/YuGiOh/Products/Singles/Legendary-Duelists-Season-2/Blue-Eyes-White-Dragon-V3-Ultra-Rare,pending,0,Legendary Duelists Season 2,,V3,Ultra Rare,,,priced,75,0.75,213,,,,,,,,,no,,,2026-08-04
/en/YuGiOh/Products/Singles/Legendary-Duelists-Season-2/Blue-Eyes-White-Dragon-V4-Ultra-Rare,https://www.cardmarket.com/en/YuGiOh/Products/Singles/Legendary-Duelists-Season-2/Blue-Eyes-White-Dragon-V4-Ultra-Rare,pending,0,Legendary Duelists Season 2,,V4,Ultra Rare,,,priced,100,1.00,168,,,,,,,,,no,,,2026-08-04
/en/YuGiOh/Products/Singles/Legendary-Duelists-White-Dragon-Abyss/Blue-Eyes-White-Dragon,https://www.cardmarket.com/en/YuGiOh/Products/Singles/Legendary-Duelists-White-Dragon-Abyss/Blue-Eyes-White-Dragon,pending,0,Legendary Duelists White Dragon Abyss,,,,,,priced,2,0.02,846,,,,,,,,,no,,,2026-08-04
/en/YuGiOh/Products/Singles/Legendary-Gold-Box/Blue-Eyes-White-Dragon,https://www.cardmarket.com/en/YuGiOh/Products/Singles/Legendary-Gold-Box/Blue-Eyes-White-Dragon,pending,0,Legendary Gold Box,,,,,,priced,1290,12.90,27,,,,,,,,,no,,,2026-08-04
/en/YuGiOh/Products/Singles/Limited-Pack-Stamp-Edition/Blue-Eyes-White-Dragon-V1-Ultra-Rare,https://www.cardmarket.com/en/YuGiOh/Products/Singles/Limited-Pack-Stamp-Edition/Blue-Eyes-White-Dragon-V1-Ultra-Rare,pending,0,Limited Pack Stamp Edition,,V1,Ultra Rare,,,priced,190,1.90,90,,,,,,,,,no,,,2026-08-04
/en/YuGiOh/Products/Singles/Limited-Pack-Stamp-Edition/Blue-Eyes-White-Dragon-V2-Secret-Rare,https://www.cardmarket.com/en/YuGiOh/Products/Singles/Limited-Pack-Stamp-Edition/Blue-Eyes-White-Dragon-V2-Secret-Rare,pending,0,Limited Pack Stamp Edition,,V2,Secret Rare,,,priced,675,6.75,52,,,,,,,,,no,,,2026-08-04
/en/YuGiOh/Products/Singles/Limited-Pack-Stamp-Edition/Blue-Eyes-White-Dragon-V3-Starlight-Rare,https://www.cardmarket.com/en/YuGiOh/Products/Singles/Limited-Pack-Stamp-Edition/Blue-Eyes-White-Dragon-V3-Starlight-Rare,pending,0,Limited Pack Stamp Edition,,V3,Starlight Rare,,,priced,30000,300.00,4,,,,,,,,,no,,,2026-08-04
/en/YuGiOh/Products/Singles/Magnificent-Mavens/Blue-Eyes-White-Dragon-V1-Ultra-Parallel-Rare,https://www.cardmarket.com/en/YuGiOh/Products/Singles/Magnificent-Mavens/Blue-Eyes-White-Dragon-V1-Ultra-Parallel-Rare,pending,0,Magnificent Mavens,,V1,Rare,,,priced,14966,149.66,16,,,,,,,,,no,,,2026-08-04
/en/YuGiOh/Products/Singles/Magnificent-Mavens/Blue-Eyes-White-Dragon-V2-Secret-Parallel-Rare,https://www.cardmarket.com/en/YuGiOh/Products/Singles/Magnificent-Mavens/Blue-Eyes-White-Dragon-V2-Secret-Parallel-Rare,pending,0,Magnificent Mavens,,V2,Rare,,,priced,49900,499.00,2,,,,,,,,,no,,,2026-08-04
/en/YuGiOh/Products/Singles/Maximum-Gold-El-Dorado/Blue-Eyes-White-Dragon,https://www.cardmarket.com/en/YuGiOh/Products/Singles/Maximum-Gold-El-Dorado/Blue-Eyes-White-Dragon,pending,0,Maximum Gold El Dorado,,,,,,priced,99,0.99,876,,,,,,,,,no,,,2026-08-04
/en/YuGiOh/Products/Singles/Maximum-Gold/Blue-Eyes-White-Dragon,https://www.cardmarket.com/en/YuGiOh/Products/Singles/Maximum-Gold/Blue-Eyes-White-Dragon,pending,0,Maximum Gold,,,,,,priced,1299,12.99,277,,,,,,,,,no,,,2026-08-04
/en/YuGiOh/Products/Singles/OTS-Tournament-Pack-28/Blue-Eyes-White-Dragon,https://www.cardmarket.com/en/YuGiOh/Products/Singles/OTS-Tournament-Pack-28/Blue-Eyes-White-Dragon,pending,0,OTS Tournament Pack 28,,,,,,priced,9000,90.00,146,,,,,,,,,no,,,2026-08-04
/en/YuGiOh/Products/Singles/Power-of-Chaos-Kaiba-the-Revenge/Blue-Eyes-White-Dragon,https://www.cardmarket.com/en/YuGiOh/Products/Singles/Power-of-Chaos-Kaiba-the-Revenge/Blue-Eyes-White-Dragon,pending,0,Power of Chaos Kaiba the Revenge,,,,,,priced,100,1.00,283,,,,,,,,,no,,,2026-08-04
/en/YuGiOh/Products/Singles/Premium-Gold-2/Blue-Eyes-White-Dragon,https://www.cardmarket.com/en/YuGiOh/Products/Singles/Premium-Gold-2/Blue-Eyes-White-Dragon,pending,0,Premium Gold 2,,,,,,priced,150,1.50,229,,,,,,,,,no,,,2026-08-04
/en/YuGiOh/Products/Singles/Prismatic-God-Box/Blue-Eyes-White-Dragon-V1-Ultra-Rare,https://www.cardmarket.com/en/YuGiOh/Products/Singles/Prismatic-God-Box/Blue-Eyes-White-Dragon-V1-Ultra-Rare,pending,0,Prismatic God Box,,V1,Ultra Rare,,,priced,200,2.00,27,,,,,,,,,no,,,2026-08-04
/en/YuGiOh/Products/Singles/Prismatic-God-Box/Blue-Eyes-White-Dragon-V2-Ultimate-Rare,https://www.cardmarket.com/en/YuGiOh/Products/Singles/Prismatic-God-Box/Blue-Eyes-White-Dragon-V2-Ultimate-Rare,pending,0,Prismatic God Box,,V2,Ultimate Rare,,,priced,2950,29.50,13,,,,,,,,,no,,,2026-08-04
/en/YuGiOh/Products/Singles/Promos-OCG/Blue-Eyes-White-Dragon,https://www.cardmarket.com/en/YuGiOh/Products/Singles/Promos-OCG/Blue-Eyes-White-Dragon,pending,0,Promos OCG,,,,,,na,,,,,,,,,,,,no,,,2026-08-04
/en/YuGiOh/Products/Singles/Promos-OCG/Blue-Eyes-White-Dragon-V1-Quarter-Century-Secret-Rare,https://www.cardmarket.com/en/YuGiOh/Products/Singles/Promos-OCG/Blue-Eyes-White-Dragon-V1-Quarter-Century-Secret-Rare,pending,0,Promos OCG,,V1,Quarter Century Secret Rare,,,priced,21900,219.00,3,,,,,,,,,no,,,2026-08-04
/en/YuGiOh/Products/Singles/Promos-OCG/Blue-Eyes-White-Dragon-V2-Parallel-Rare,https://www.cardmarket.com/en/YuGiOh/Products/Singles/Promos-OCG/Blue-Eyes-White-Dragon-V2-Parallel-Rare,pending,0,Promos OCG,,V2,Rare,,,priced,1800,18.00,27,,,,,,,,,no,,,2026-08-04
/en/YuGiOh/Products/Singles/Quarter-Century-Art-Collection/Blue-Eyes-White-Dragon-V1-Ultra-Rare,https://www.cardmarket.com/en/YuGiOh/Products/Singles/Quarter-Century-Art-Collection/Blue-Eyes-White-Dragon-V1-Ultra-Rare,pending,0,Quarter Century Art Collection,,V1,Ultra Rare,,,priced,30,0.30,59,,,,,,,,,no,,,2026-08-04
/en/YuGiOh/Products/Singles/Quarter-Century-Art-Collection/Blue-Eyes-White-Dragon-V10-Quarter-Century-Secret-Rare,https://www.cardmarket.com/en/YuGiOh/Products/Singles/Quarter-Century-Art-Collection/Blue-Eyes-White-Dragon-V10-Quarter-Century-Secret-Rare,pending,0,Quarter Century Art Collection,,V10,Quarter Century Secret Rare,,,priced,15900,159.00,9,,,,,,,,,no,,,2026-08-04
/en/YuGiOh/Products/Singles/Quarter-Century-Art-Collection/Blue-Eyes-White-Dragon-V2-Secret-Rare,https://www.cardmarket.com/en/YuGiOh/Products/Singles/Quarter-Century-Art-Collection/Blue-Eyes-White-Dragon-V2-Secret-Rare,pending,0,Quarter Century Art Collection,,V2,Secret Rare,,,priced,50,0.50,38,,,,,,,,,no,,,2026-08-04
/en/YuGiOh/Products/Singles/Quarter-Century-Art-Collection/Blue-Eyes-White-Dragon-V3-Secret-Rare,https://www.cardmarket.com/en/YuGiOh/Products/Singles/Quarter-Century-Art-Collection/Blue-Eyes-White-Dragon-V3-Secret-Rare,pending,0,Quarter Century Art Collection,,V3,Secret Rare,,,priced,290,2.90,17,,,,,,,,,no,,,2026-08-04
/en/YuGiOh/Products/Singles/Quarter-Century-Art-Collection/Blue-Eyes-White-Dragon-V4-Secret-Rare,https://www.cardmarket.com/en/YuGiOh/Products/Singles/Quarter-Century-Art-Collection/Blue-Eyes-White-Dragon-V4-Secret-Rare,pending,0,Quarter Century Art Collection,,V4,Secret Rare,,,priced,295,2.95,30,,,,,,,,,no,,,2026-08-04
/en/YuGiOh/Products/Singles/Quarter-Century-Art-Collection/Blue-Eyes-White-Dragon-V5-Secret-Rare,https://www.cardmarket.com/en/YuGiOh/Products/Singles/Quarter-Century-Art-Collection/Blue-Eyes-White-Dragon-V5-Secret-Rare,pending,0,Quarter Century Art Collection,,V5,Secret Rare,,,priced,240,2.40,22,,,,,,,,,no,,,2026-08-04
/en/YuGiOh/Products/Singles/Quarter-Century-Art-Collection/Blue-Eyes-White-Dragon-V6-Quarter-Century-Secret-Rare,https://www.cardmarket.com/en/YuGiOh/Products/Singles/Quarter-Century-Art-Collection/Blue-Eyes-White-Dragon-V6-Quarter-Century-Secret-Rare,pending,0,Quarter Century Art Collection,,V6,Quarter Century Secret Rare,,,priced,1400,14.00,19,,,,,,,,,no,,,2026-08-04
/en/YuGiOh/Products/Singles/Quarter-Century-Art-Collection/Blue-Eyes-White-Dragon-V7-Quarter-Century-Secret-Rare,https://www.cardmarket.com/en/YuGiOh/Products/Singles/Quarter-Century-Art-Collection/Blue-Eyes-White-Dragon-V7-Quarter-Century-Secret-Rare,pending,0,Quarter Century Art Collection,,V7,Quarter Century Secret Rare,,,priced,2000,20.00,10,,,,,,,,,no,,,2026-08-04
/en/YuGiOh/Products/Singles/Quarter-Century-Art-Collection/Blue-Eyes-White-Dragon-V8-Quarter-Century-Secret-Rare,https://www.cardmarket.com/en/YuGiOh/Products/Singles/Quarter-Century-Art-Collection/Blue-Eyes-White-Dragon-V8-Quarter-Century-Secret-Rare,pending,0,Quarter Century Art Collection,,V8,Quarter Century Secret Rare,,,priced,2999,29.99,7,,,,,,,,,no,,,2026-08-04
/en/YuGiOh/Products/Singles/Quarter-Century-Art-Collection/Blue-Eyes-White-Dragon-V9-Quarter-Century-Secret-Rare,https://www.cardmarket.com/en/YuGiOh/Products/Singles/Quarter-Century-Art-Collection/Blue-Eyes-White-Dragon-V9-Quarter-Century-Secret-Rare,pending,0,Quarter Century Art Collection,,V9,Quarter Century Secret Rare,,,priced,1600,16.00,11,,,,,,,,,no,,,2026-08-04
/en/YuGiOh/Products/Singles/Quarter-Century-Bonanza/Blue-Eyes-White-Dragon-V1-Platinum-Secret-Rare,https://www.cardmarket.com/en/YuGiOh/Products/Singles/Quarter-Century-Bonanza/Blue-Eyes-White-Dragon-V1-Platinum-Secret-Rare,pending,0,Quarter Century Bonanza,,V1,Platinum Secret Rare,,,priced,400,4.00,408,,,,,,,,,no,,,2026-08-04
/en/YuGiOh/Products/Singles/Quarter-Century-Bonanza/Blue-Eyes-White-Dragon-V2-Quarter-Century-Secret-Rare,https://www.cardmarket.com/en/YuGiOh/Products/Singles/Quarter-Century-Bonanza/Blue-Eyes-White-Dragon-V2-Quarter-Century-Secret-Rare,pending,0,Quarter Century Bonanza,,V2,Quarter Century Secret Rare,,,priced,12000,120.00,80,,,,,,,,,no,,,2026-08-04
/en/YuGiOh/Products/Singles/Quarter-Century-Chronicle-sidePride/Blue-Eyes-White-Dragon-V1-Ultra-Rare,https://www.cardmarket.com/en/YuGiOh/Products/Singles/Quarter-Century-Chronicle-sidePride/Blue-Eyes-White-Dragon-V1-Ultra-Rare,pending,0,Quarter Century Chronicle sidePride,,V1,Ultra Rare,,,priced,498,4.98,5,,,,,,,,,no,,,2026-08-04
/en/YuGiOh/Products/Singles/Quarter-Century-Chronicle-sidePride/Blue-Eyes-White-Dragon-V2-Secret-Rare,https://www.cardmarket.com/en/YuGiOh/Products/Singles/Quarter-Century-Chronicle-sidePride/Blue-Eyes-White-Dragon-V2-Secret-Rare,pending,0,Quarter Century Chronicle sidePride,,V2,Secret Rare,,,priced,1700,17.00,18,,,,,,,,,no,,,2026-08-04
/en/YuGiOh/Products/Singles/Quarter-Century-Chronicle-sidePride/Blue-Eyes-White-Dragon-V3-Quarter-Century-Secret-Rare,https://www.cardmarket.com/en/YuGiOh/Products/Singles/Quarter-Century-Chronicle-sidePride/Blue-Eyes-White-Dragon-V3-Quarter-Century-Secret-Rare,pending,0,Quarter Century Chronicle sidePride,,V3,Quarter Century Secret Rare,,,priced,31000,310.00,4,,,,,,,,,no,,,2026-08-04
/en/YuGiOh/Products/Singles/Quarter-Century-Chronicle-sidePride/Blue-Eyes-White-Dragon-V4-Ultimate-Rare,https://www.cardmarket.com/en/YuGiOh/Products/Singles/Quarter-Century-Chronicle-sidePride/Blue-Eyes-White-Dragon-V4-Ultimate-Rare,pending,0,Quarter Century Chronicle sidePride,,V4,Ultimate Rare,,,priced,6995,69.95,5,,,,,,,,,no,,,2026-08-04
/en/YuGiOh/Products/Singles/Quarter-Century-Duelist-Box/Blue-Eyes-White-Dragon-V1-Ultra-Rare,https://www.cardmarket.com/en/YuGiOh/Products/Singles/Quarter-Century-Duelist-Box/Blue-Eyes-White-Dragon-V1-Ultra-Rare,pending,0,Quarter Century Duelist Box,,V1,Ultra Rare,,,priced,99,0.99,19,,,,,,,,,no,,,2026-08-04
/en/YuGiOh/Products/Singles/Quarter-Century-Duelist-Box/Blue-Eyes-White-Dragon-V2-Secret-Rare,https://www.cardmarket.com/en/YuGiOh/Products/Singles/Quarter-Century-Duelist-Box/Blue-Eyes-White-Dragon-V2-Secret-Rare,pending,0,Quarter Century Duelist Box,,V2,Secret Rare,,,priced,900,9.00,8,,,,,,,,,no,,,2026-08-04
/en/YuGiOh/Products/Singles/Quarter-Century-Duelist-Box/Blue-Eyes-White-Dragon-V3-Quarter-Century-Secret-Rare,https://www.cardmarket.com/en/YuGiOh/Products/Singles/Quarter-Century-Duelist-Box/Blue-Eyes-White-Dragon-V3-Quarter-Century-Secret-Rare,pending,0,Quarter Century Duelist Box,,V3,Quarter Century Secret Rare,,,priced,6990,69.90,8,,,,,,,,,no,,,2026-08-04
/en/YuGiOh/Products/Singles/Quarter-Century-Stampede/Blue-Eyes-White-Dragon-V1-Quarter-Century-Secret-Rare,https://www.cardmarket.com/en/YuGiOh/Products/Singles/Quarter-Century-Stampede/Blue-Eyes-White-Dragon-V1-Quarter-Century-Secret-Rare,pending,0,Quarter Century Stampede,,V1,Quarter Century Secret Rare,,,priced,4000,40.00,151,,,,,,,,,no,,,2026-08-04
/en/YuGiOh/Products/Singles/Quarter-Century-Stampede/Blue-Eyes-White-Dragon-V2-Platinum-Secret-Rare,https://www.cardmarket.com/en/YuGiOh/Products/Singles/Quarter-Century-Stampede/Blue-Eyes-White-Dragon-V2-Platinum-Secret-Rare,pending,0,Quarter Century Stampede,,V2,Platinum Secret Rare,,,priced,200,2.00,270,,,,,,,,,no,,,2026-08-04
/en/YuGiOh/Products/Singles/Quarter-Century-Stampede/Blue-Eyes-White-Dragon-V3-Platinum-Secret-Rare,https://www.cardmarket.com/en/YuGiOh/Products/Singles/Quarter-Century-Stampede/Blue-Eyes-White-Dragon-V3-Platinum-Secret-Rare,pending,0,Quarter Century Stampede,,V3,Platinum Secret Rare,,,priced,190,1.90,274,,,,,,,,,no,,,2026-08-04
/en/YuGiOh/Products/Singles/Quarter-Century-Stampede/Blue-Eyes-White-Dragon-V4-Quarter-Century-Secret-Rare,https://www.cardmarket.com/en/YuGiOh/Products/Singles/Quarter-Century-Stampede/Blue-Eyes-White-Dragon-V4-Quarter-Century-Secret-Rare,pending,0,Quarter Century Stampede,,V4,Quarter Century Secret Rare,,,priced,1050,10.50,165,,,,,,,,,no,,,2026-08-04
/en/YuGiOh/Products/Singles/Quarter-Century-Stampede/Blue-Eyes-White-Dragon-V5-Quarter-Century-Secret-Rare,https://www.cardmarket.com/en/YuGiOh/Products/Singles/Quarter-Century-Stampede/Blue-Eyes-White-Dragon-V5-Quarter-Century-Secret-Rare,pending,0,Quarter Century Stampede,,V5,Quarter Century Secret Rare,,,priced,1299,12.99,195,,,,,,,,,no,,,2026-08-04
/en/YuGiOh/Products/Singles/Rarity-Collection-5/Blue-Eyes-White-Dragon-V1-Ultra-Rare,https://www.cardmarket.com/en/YuGiOh/Products/Singles/Rarity-Collection-5/Blue-Eyes-White-Dragon-V1-Ultra-Rare,pending,0,Rarity Collection 5,,V1,Ultra Rare,,,priced,99,0.99,1261,,,,,,,,,no,,,2026-08-04
/en/YuGiOh/Products/Singles/Rarity-Collection-5/Blue-Eyes-White-Dragon-V2-Starlight-Rare,https://www.cardmarket.com/en/YuGiOh/Products/Singles/Rarity-Collection-5/Blue-Eyes-White-Dragon-V2-Starlight-Rare,pending,0,Rarity Collection 5,,V2,Starlight Rare,,,priced,1350,13.50,531,,,,,,,,,no,,,2026-08-04
/en/YuGiOh/Products/Singles/Retro-Pack/Blue-Eyes-White-Dragon-V1-Ultra-Rare,https://www.cardmarket.com/en/YuGiOh/Products/Singles/Retro-Pack/Blue-Eyes-White-Dragon-V1-Ultra-Rare,pending,0,Retro Pack,,V1,Ultra Rare,,,priced,599,5.99,133,,,,,,,,,no,,,2026-08-04
/en/YuGiOh/Products/Singles/Retro-Pack/Blue-Eyes-White-Dragon-V2-Ultra-Rare,https://www.cardmarket.com/en/YuGiOh/Products/Singles/Retro-Pack/Blue-Eyes-White-Dragon-V2-Ultra-Rare,pending,0,Retro Pack,,V2,Ultra Rare,,,priced,1300,13.00,27,,,,,,,,,no,,,2026-08-04
/en/YuGiOh/Products/Singles/Shonen-Jump-Magazine/Blue-Eyes-White-Dragon-V-1,https://www.cardmarket.com/en/YuGiOh/Products/Singles/Shonen-Jump-Magazine/Blue-Eyes-White-Dragon-V-1,pending,0,Shonen Jump Magazine,,V1,,,,priced,154,1.54,123,,,,,,,,,no,,,2026-08-04
/en/YuGiOh/Products/Singles/Shonen-Jump-Magazine/Blue-Eyes-White-Dragon-V2-Ultra-Rare,https://www.cardmarket.com/en/YuGiOh/Products/Singles/Shonen-Jump-Magazine/Blue-Eyes-White-Dragon-V2-Ultra-Rare,pending,0,Shonen Jump Magazine,,V2,Ultra Rare,,,priced,500,5.00,54,,,,,,,,,no,,,2026-08-04
/en/YuGiOh/Products/Singles/Shonen-Jump-Magazine/Blue-Eyes-White-Dragon-V3-Ultra-Rare,https://www.cardmarket.com/en/YuGiOh/Products/Singles/Shonen-Jump-Magazine/Blue-Eyes-White-Dragon-V3-Ultra-Rare,pending,0,Shonen Jump Magazine,,V3,Ultra Rare,,,priced,6990,69.90,60,,,,,,,,,no,,,2026-08-04
/en/YuGiOh/Products/Singles/Shonen-Jump-Magazine/Blue-Eyes-White-Dragon-V4-Ultra-Rare,https://www.cardmarket.com/en/YuGiOh/Products/Singles/Shonen-Jump-Magazine/Blue-Eyes-White-Dragon-V4-Ultra-Rare,pending,0,Shonen Jump Magazine,,V4,Ultra Rare,,,priced,27999,279.99,10,,,,,,,,,no,,,2026-08-04
/en/YuGiOh/Products/Singles/Speed-Duel-Battle-City-Box/Blue-Eyes-White-Dragon-V1-Common,https://www.cardmarket.com/en/YuGiOh/Products/Singles/Speed-Duel-Battle-City-Box/Blue-Eyes-White-Dragon-V1-Common,pending,0,Speed Duel Battle City Box,,V1,Common,,,priced,2,0.02,462,,,,,,,,,no,,,2026-08-04
/en/YuGiOh/Products/Singles/Speed-Duel-Battle-City-Box/Blue-Eyes-White-Dragon-V2-Secret-Rare,https://www.cardmarket.com/en/YuGiOh/Products/Singles/Speed-Duel-Battle-City-Box/Blue-Eyes-White-Dragon-V2-Secret-Rare,pending,0,Speed Duel Battle City Box,,V2,Secret Rare,,,priced,129,1.29,208,,,,,,,,,no,,,2026-08-04
/en/YuGiOh/Products/Singles/Speed-Duel-Battle-City-Finals/Blue-Eyes-White-Dragon-V1-Common,https://www.cardmarket.com/en/YuGiOh/Products/Singles/Speed-Duel-Battle-City-Finals/Blue-Eyes-White-Dragon-V1-Common,pending,0,Speed Duel Battle City Finals,,V1,Common,,,priced,2,0.02,252,,,,,,,,,no,,,2026-08-04
/en/YuGiOh/Products/Singles/Speed-Duel-Battle-City-Finals/Blue-Eyes-White-Dragon-V2-Secret-Rare,https://www.cardmarket.com/en/YuGiOh/Products/Singles/Speed-Duel-Battle-City-Finals/Blue-Eyes-White-Dragon-V2-Secret-Rare,pending,0,Speed Duel Battle City Finals,,V2,Secret Rare,,,priced,1079,10.79,71,,,,,,,,,no,,,2026-08-04
/en/YuGiOh/Products/Singles/Speed-Duel-Starter-Decks-Duelists-of-Tomorrow/Blue-Eyes-White-Dragon,https://www.cardmarket.com/en/YuGiOh/Products/Singles/Speed-Duel-Starter-Decks-Duelists-of-Tomorrow/Blue-Eyes-White-Dragon,pending,0,Speed Duel Starter Decks Duelists of Tomorrow,,,,,,priced,4,0.04,495,,,,,,,,,no,,,2026-08-04
/en/YuGiOh/Products/Singles/Speed-Duel-Tournament-Pack-1/Blue-Eyes-White-Dragon,https://www.cardmarket.com/en/YuGiOh/Products/Singles/Speed-Duel-Tournament-Pack-1/Blue-Eyes-White-Dragon,pending,0,Speed Duel Tournament Pack 1,,,,,,priced,1350,13.50,93,,,,,,,,,no,,,2026-08-04
/en/YuGiOh/Products/Singles/Spell-of-Mask/Blue-Eyes-White-Dragon,https://www.cardmarket.com/en/YuGiOh/Products/Singles/Spell-of-Mask/Blue-Eyes-White-Dragon,pending,0,Spell of Mask,,,,,,priced,125000,1250.00,6,,,,,,,,,no,,,2026-08-04
/en/YuGiOh/Products/Singles/Starter-Box/Blue-Eyes-White-Dragon,https://www.cardmarket.com/en/YuGiOh/Products/Singles/Starter-Box/Blue-Eyes-White-Dragon,pending,0,Starter Box,,,,,,priced,3750,37.50,20,,,,,,,,,no,,,2026-08-04
/en/YuGiOh/Products/Singles/Starter-Deck-Kaiba-BIK/Blue-Eyes-White-Dragon,https://www.cardmarket.com/en/YuGiOh/Products/Singles/Starter-Deck-Kaiba-BIK/Blue-Eyes-White-Dragon,pending,0,Starter Deck Kaiba BIK,,,,,,priced,250,2.50,129,,,,,,,,,no,,,2026-08-04
/en/YuGiOh/Products/Singles/Starter-Deck-Kaiba-DDK/Blue-Eyes-White-Dragon-V1-Ultra-Rare,https://www.cardmarket.com/en/YuGiOh/Products/Singles/Starter-Deck-Kaiba-DDK/Blue-Eyes-White-Dragon-V1-Ultra-Rare,pending,0,Starter Deck Kaiba DDK,,V1,Ultra Rare,,,priced,60,0.60,221,,,,,,,,,no,,,2026-08-04
/en/YuGiOh/Products/Singles/Starter-Deck-Kaiba-DDK/Blue-Eyes-White-Dragon-V2-Ultra-Rare,https://www.cardmarket.com/en/YuGiOh/Products/Singles/Starter-Deck-Kaiba-DDK/Blue-Eyes-White-Dragon-V2-Ultra-Rare,pending,0,Starter Deck Kaiba DDK,,V2,Ultra Rare,,,priced,389,3.89,65,,,,,,,,,no,,,2026-08-04
/en/YuGiOh/Products/Singles/Starter-Deck-Kaiba-DIK/Blue-Eyes-White-Dragon,https://www.cardmarket.com/en/YuGiOh/Products/Singles/Starter-Deck-Kaiba-DIK/Blue-Eyes-White-Dragon,pending,0,Starter Deck Kaiba DIK,,,,,,priced,350,3.50,43,,,,,,,,,no,,,2026-08-04
/en/YuGiOh/Products/Singles/Starter-Deck-Kaiba-Evolution/Blue-Eyes-White-Dragon,https://www.cardmarket.com/en/YuGiOh/Products/Singles/Starter-Deck-Kaiba-Evolution/Blue-Eyes-White-Dragon,pending,0,Starter Deck Kaiba Evolution,,,,,,priced,5,0.05,1189,,,,,,,,,no,,,2026-08-04
/en/YuGiOh/Products/Singles/Starter-Deck-Kaiba-MIK/Blue-Eyes-White-Dragon,https://www.cardmarket.com/en/YuGiOh/Products/Singles/Starter-Deck-Kaiba-MIK/Blue-Eyes-White-Dragon,pending,0,Starter Deck Kaiba MIK,,,,,,priced,50,0.50,332,,,,,,,,,no,,,2026-08-04
/en/YuGiOh/Products/Singles/Starter-Deck-Kaiba-Reloaded/Blue-Eyes-White-Dragon-V-1,https://www.cardmarket.com/en/YuGiOh/Products/Singles/Starter-Deck-Kaiba-Reloaded/Blue-Eyes-White-Dragon-V-1,pending,0,Starter Deck Kaiba Reloaded,,V1,,,,priced,2,0.02,604,,,,,,,,,no,,,2026-08-04
/en/YuGiOh/Products/Singles/Starter-Deck-Kaiba-Reloaded/Blue-Eyes-White-Dragon-V-2,https://www.cardmarket.com/en/YuGiOh/Products/Singles/Starter-Deck-Kaiba-Reloaded/Blue-Eyes-White-Dragon-V-2,pending,0,Starter Deck Kaiba Reloaded,,V2,,,,priced,99,0.99,868,,,,,,,,,no,,,2026-08-04
/en/YuGiOh/Products/Singles/Starter-Deck-Kaiba/Blue-Eyes-White-Dragon-V1-Ultra-Rare,https://www.cardmarket.com/en/YuGiOh/Products/Singles/Starter-Deck-Kaiba/Blue-Eyes-White-Dragon-V1-Ultra-Rare,pending,0,Starter Deck Kaiba,,V1,Ultra Rare,,,priced,60,0.60,919,,,,,,,,,no,,,2026-08-04
/en/YuGiOh/Products/Singles/Starter-Deck-Kaiba/Blue-Eyes-White-Dragon-V2-Ultra-Rare,https://www.cardmarket.com/en/YuGiOh/Products/Singles/Starter-Deck-Kaiba/Blue-Eyes-White-Dragon-V2-Ultra-Rare,pending,0,Starter Deck Kaiba,,V2,Ultra Rare,,,priced,50,0.50,223,,,,,,,,,no,,,2026-08-04
/en/YuGiOh/Products/Singles/Starter-Deck-Kaiba/Blue-Eyes-White-Dragon-V3-Ultra-Rare,https://www.cardmarket.com/en/YuGiOh/Products/Singles/Starter-Deck-Kaiba/Blue-Eyes-White-Dragon-V3-Ultra-Rare,pending,0,Starter Deck Kaiba,,V3,Ultra Rare,,,priced,2000,20.00,8,,,,,,,,,no,,,2026-08-04
/en/YuGiOh/Products/Singles/Structure-Deck-Advent-of-the-Eyes-of-Blue/Blue-Eyes-White-Dragon-V1-Common,https://www.cardmarket.com/en/YuGiOh/Products/Singles/Structure-Deck-Advent-of-the-Eyes-of-Blue/Blue-Eyes-White-Dragon-V1-Common,pending,0,Structure Deck Advent of the Eyes of Blue,,V1,Common,,,priced,38,0.38,7,,,,,,,,,no,,,2026-08-04
/en/YuGiOh/Products/Singles/Structure-Deck-Advent-of-the-Eyes-of-Blue/Blue-Eyes-White-Dragon-V2-Common,https://www.cardmarket.com/en/YuGiOh/Products/Singles/Structure-Deck-Advent-of-the-Eyes-of-Blue/Blue-Eyes-White-Dragon-V2-Common,pending,0,Structure Deck Advent of the Eyes of Blue,,V2,Common,,,priced,50,0.50,6,,,,,,,,,no,,,2026-08-04
/en/YuGiOh/Products/Singles/Structure-Deck-Advent-of-the-Eyes-of-Blue/Blue-Eyes-White-Dragon-V3-Common,https://www.cardmarket.com/en/YuGiOh/Products/Singles/Structure-Deck-Advent-of-the-Eyes-of-Blue/Blue-Eyes-White-Dragon-V3-Common,pending,0,Structure Deck Advent of the Eyes of Blue,,V3,Common,,,priced,20,0.20,9,,,,,,,,,no,,,2026-08-04
/en/YuGiOh/Products/Singles/Structure-Deck-Blue-Eyes-White-Destiny/Blue-Eyes-White-Dragon-V1-Common,https://www.cardmarket.com/en/YuGiOh/Products/Singles/Structure-Deck-Blue-Eyes-White-Destiny/Blue-Eyes-White-Dragon-V1-Common,pending,0,Structure Deck Blue Eyes White Destiny,,V1,Common,,,priced,2,0.02,11995,,,,,,,,,no,,,2026-08-04
/en/YuGiOh/Products/Singles/Structure-Deck-Blue-Eyes-White-Destiny/Blue-Eyes-White-Dragon-V2-Common,https://www.cardmarket.com/en/YuGiOh/Products/Singles/Structure-Deck-Blue-Eyes-White-Destiny/Blue-Eyes-White-Dragon-V2-Common,pending,0,Structure Deck Blue Eyes White Destiny,,V2,Common,,,priced,2,0.02,11910,,,,,,,,,no,,,2026-08-04
/en/YuGiOh/Products/Singles/Structure-Deck-Blue-Eyes-White-Destiny/Blue-Eyes-White-Dragon-V3-Common,https://www.cardmarket.com/en/YuGiOh/Products/Singles/Structure-Deck-Blue-Eyes-White-Destiny/Blue-Eyes-White-Dragon-V3-Common,pending,0,Structure Deck Blue Eyes White Destiny,,V3,Common,,,priced,2,0.02,11500,,,,,,,,,no,,,2026-08-04
/en/YuGiOh/Products/Singles/Structure-Deck-Dragonic-Legion/Blue-Eyes-White-Dragon,https://www.cardmarket.com/en/YuGiOh/Products/Singles/Structure-Deck-Dragonic-Legion/Blue-Eyes-White-Dragon,pending,0,Structure Deck Dragonic Legion,,,,,,priced,79,0.79,14,,,,,,,,,no,,,2026-08-04
/en/YuGiOh/Products/Singles/Structure-Deck-Dragons-Collide/Blue-Eyes-White-Dragon,https://www.cardmarket.com/en/YuGiOh/Products/Singles/Structure-Deck-Dragons-Collide/Blue-Eyes-White-Dragon,pending,0,Structure Deck Dragons Collide,,,,,,priced,2,0.02,375,,,,,,,,,no,,,2026-08-04
/en/YuGiOh/Products/Singles/Structure-Deck-Kaiba-Japanese/Blue-Eyes-White-Dragon-V1-Common,https://www.cardmarket.com/en/YuGiOh/Products/Singles/Structure-Deck-Kaiba-Japanese/Blue-Eyes-White-Dragon-V1-Common,pending,0,Structure Deck Kaiba Japanese,,V1,Common,,,priced,199,1.99,11,,,,,,,,,no,,,2026-08-04
/en/YuGiOh/Products/Singles/Structure-Deck-Kaiba-Japanese/Blue-Eyes-White-Dragon-V2-Common,https://www.cardmarket.com/en/YuGiOh/Products/Singles/Structure-Deck-Kaiba-Japanese/Blue-Eyes-White-Dragon-V2-Common,pending,0,Structure Deck Kaiba Japanese,,V2,Common,,,priced,500,5.00,3,,,,,,,,,no,,,2026-08-04
/en/YuGiOh/Products/Singles/Structure-Deck-Kaiba-Japanese/Blue-Eyes-White-Dragon-V3-Common,https://www.cardmarket.com/en/YuGiOh/Products/Singles/Structure-Deck-Kaiba-Japanese/Blue-Eyes-White-Dragon-V3-Common,pending,0,Structure Deck Kaiba Japanese,,V3,Common,,,priced,995,9.95,13,,,,,,,,,no,,,2026-08-04
/en/YuGiOh/Products/Singles/Structure-Deck-Kaiba-Volume-2/Blue-Eyes-White-Dragon,https://www.cardmarket.com/en/YuGiOh/Products/Singles/Structure-Deck-Kaiba-Volume-2/Blue-Eyes-White-Dragon,pending,0,Structure Deck Kaiba Volume 2,,,,,,priced,100,1.00,38,,,,,,,,,no,,,2026-08-04
/en/YuGiOh/Products/Singles/Structure-Deck-Saga-of-BlueEyes-White-Dragon/Blue-Eyes-White-Dragon,https://www.cardmarket.com/en/YuGiOh/Products/Singles/Structure-Deck-Saga-of-BlueEyes-White-Dragon/Blue-Eyes-White-Dragon,pending,0,Structure Deck Saga of BlueEyes White Dragon,,,,,,priced,2,0.02,1074,,,,,,,,,no,,,2026-08-04
/en/YuGiOh/Products/Singles/Structure-Deck-Seto-Kaiba-OCG/Blue-Eyes-White-Dragon,https://www.cardmarket.com/en/YuGiOh/Products/Singles/Structure-Deck-Seto-Kaiba-OCG/Blue-Eyes-White-Dragon,pending,0,Structure Deck Seto Kaiba OCG,,,,,,priced,1000,10.00,3,,,,,,,,,no,,,2026-08-04
/en/YuGiOh/Products/Singles/Structure-Deck-Seto-Kaiba/Blue-Eyes-White-Dragon,https://www.cardmarket.com/en/YuGiOh/Products/Singles/Structure-Deck-Seto-Kaiba/Blue-Eyes-White-Dragon,pending,0,Structure Deck Seto Kaiba,,,,,,priced,2,0.02,334,,,,,,,,,no,,,2026-08-04
/en/YuGiOh/Products/Singles/Structure-Deck-The-Blue-Eyed-Dragons-Thundering-Descent/Blue-Eyes-White-Dragon,https://www.cardmarket.com/en/YuGiOh/Products/Singles/Structure-Deck-The-Blue-Eyed-Dragons-Thundering-Descent/Blue-Eyes-White-Dragon,pending,0,Structure Deck The Blue Eyed Dragons Thundering Descent,,,,,,priced,95,0.95,37,,,,,,,,,no,,,2026-08-04
/en/YuGiOh/Products/Singles/The-Dark-Side-of-Dimensions-Movie-Pack/Blue-Eyes-White-Dragon-V-1,https://www.cardmarket.com/en/YuGiOh/Products/Singles/The-Dark-Side-of-Dimensions-Movie-Pack/Blue-Eyes-White-Dragon-V-1,pending,0,The Dark Side of Dimensions Movie Pack,,V1,,,,priced,100,1.00,438,,,,,,,,,no,,,2026-08-04
/en/YuGiOh/Products/Singles/The-Dark-Side-of-Dimensions-Movie-Pack/Blue-Eyes-White-Dragon-V-2,https://www.cardmarket.com/en/YuGiOh/Products/Singles/The-Dark-Side-of-Dimensions-Movie-Pack/Blue-Eyes-White-Dragon-V-2,pending,0,The Dark Side of Dimensions Movie Pack,,V2,,,,priced,75,0.75,583,,,,,,,,,no,,,2026-08-04
/en/YuGiOh/Products/Singles/The-Dark-Side-of-Dimensions-Movie-Pack/Blue-Eyes-White-Dragon-V-3,https://www.cardmarket.com/en/YuGiOh/Products/Singles/The-Dark-Side-of-Dimensions-Movie-Pack/Blue-Eyes-White-Dragon-V-3,pending,0,The Dark Side of Dimensions Movie Pack,,V3,,,,priced,100,1.00,922,,,,,,,,,no,,,2026-08-04
/en/YuGiOh/Products/Singles/The-Dark-Side-of-Dimensions-Movie-Pack/Blue-Eyes-White-Dragon-V-4-Ultra-Rare,https://www.cardmarket.com/en/YuGiOh/Products/Singles/The-Dark-Side-of-Dimensions-Movie-Pack/Blue-Eyes-White-Dragon-V-4-Ultra-Rare,pending,0,The Dark Side of Dimensions Movie Pack,,V4,Ultra Rare,,,priced,700,7.00,22,,,,,,,,,no,,,2026-08-04
/en/YuGiOh/Products/Singles/The-Dark-Side-of-Dimensions-Movie-Pack/Blue-Eyes-White-Dragon-V5-Secret-Rare,https://www.cardmarket.com/en/YuGiOh/Products/Singles/The-Dark-Side-of-Dimensions-Movie-Pack/Blue-Eyes-White-Dragon-V5-Secret-Rare,pending,0,The Dark Side of Dimensions Movie Pack,,V5,Secret Rare,,,priced,189,1.89,322,,,,,,,,,no,,,2026-08-04
/en/YuGiOh/Products/Singles/The-Dark-Side-of-Dimensions-Movie-Pack/Blue-Eyes-White-Dragon-V6-Ultra-Rare,https://www.cardmarket.com/en/YuGiOh/Products/Singles/The-Dark-Side-of-Dimensions-Movie-Pack/Blue-Eyes-White-Dragon-V6-Ultra-Rare,pending,0,The Dark Side of Dimensions Movie Pack,,V6,Ultra Rare,,,priced,50,0.50,599,,,,,,,,,no,,,2026-08-04
/en/YuGiOh/Products/Singles/The-Rarity-Collection/Blue-Eyes-White-Dragon,https://www.cardmarket.com/en/YuGiOh/Products/Singles/The-Rarity-Collection/Blue-Eyes-White-Dragon,pending,0,The Rarity Collection,,,,,,priced,15000,150.00,11,,,,,,,,,no,,,2026-08-04
/en/YuGiOh/Products/Singles/V-Jump-Promotional-Cards-OCG/Blue-Eyes-White-Dragon,https://www.cardmarket.com/en/YuGiOh/Products/Singles/V-Jump-Promotional-Cards-OCG/Blue-Eyes-White-Dragon,pending,0,V Jump Promotional Cards OCG,,,,,,priced,2500,25.00,21,,,,,,,,,no,,,2026-08-04
/en/YuGiOh/Products/Singles/World-Championship-Celebration-Promos/Blue-Eyes-White-Dragon,https://www.cardmarket.com/en/YuGiOh/Products/Singles/World-Championship-Celebration-Promos/Blue-Eyes-White-Dragon,pending,0,World Championship Celebration Promos,,V2,,,,priced,99900,999.00,9,,,,,,,,,no,,,2026-08-04
/en/YuGiOh/Products/Singles/World-Championship-Celebration-Promos/Blue-Eyes-White-Dragon-V1-Special,https://www.cardmarket.com/en/YuGiOh/Products/Singles/World-Championship-Celebration-Promos/Blue-Eyes-White-Dragon-V1-Special,pending,0,World Championship Celebration Promos,,V1,,,,priced,10000,100.00,12,,,,,,,,,no,,,2026-08-04
/en/YuGiOh/Products/Singles/Yu-Gi-Oh-Championship-Prize-Cards-2025/Blue-Eyes-White-Dragon-V1-Rare,https://www.cardmarket.com/en/YuGiOh/Products/Singles/Yu-Gi-Oh-Championship-Prize-Cards-2025/Blue-Eyes-White-Dragon-V1-Rare,pending,0,Yu Gi Oh Championship Prize Cards 2025,,V1,Rare,,,priced,23995,239.95,15,,,,,,,,,no,,,2026-08-04
/en/YuGiOh/Products/Singles/Yu-Gi-Oh-Championship-Prize-Cards-2025/Blue-Eyes-White-Dragon-V2-Rare,https://www.cardmarket.com/en/YuGiOh/Products/Singles/Yu-Gi-Oh-Championship-Prize-Cards-2025/Blue-Eyes-White-Dragon-V2-Rare,pending,0,Yu Gi Oh Championship Prize Cards 2025,,V2,Rare,,,priced,13999,139.99,13,,,,,,,,,no,,,2026-08-04
