public_product_path,canonical_url,expansion,product_label,version,rarity,edition,language,finish,printed_code,from_status,from_cents,from_eur,available_count,discovered_via,detail_attempted,detail_ok,fields_present,fields_absent,source_date
/en/YuGiOh/Products/Singles/2016-MegaTins/Blue-Eyes-White-Dragon,https://www.cardmarket.com/en/YuGiOh/Products/Singles/2016-MegaTins/Blue-Eyes-White-Dragon,2016 MegaTins,Blue Eyes White Dragon,,,,,,,priced,499,4.99,265,versions|search,no,,,,2026-08-04
/en/YuGiOh/Products/Singles/2017-MegaTins/Blue-Eyes-White-Dragon,https://www.cardmarket.com/en/YuGiOh/Products/Singles/2017-MegaTins/Blue-Eyes-White-Dragon,2017 MegaTins,Blue Eyes White Dragon,,,,,,,priced,60,0.60,1026,versions|search,no,,,,2026-08-04
/en/YuGiOh/Products/Singles/2022-Ghosts-From-the-Past/Blue-Eyes-White-Dragon,https://www.cardmarket.com/en/YuGiOh/Products/Singles/2022-Ghosts-From-the-Past/Blue-Eyes-White-Dragon,2022 Ghosts From the Past,Blue Eyes White Dragon,,,,,,,priced,18990,189.90,92,versions|search,no,,,,2026-08-04
/en/YuGiOh/Products/Singles/2022-Tin-of-the-Pharaohs-Gods/Blue-Eyes-White-Dragon,https://www.cardmarket.com/en/YuGiOh/Products/Singles/2022-Tin-of-the-Pharaohs-Gods/Blue-Eyes-White-Dragon,2022 Tin of the Pharaohs Gods,Blue Eyes White Dragon,,,,,,,priced,389,3.89,547,versions|search,no,,,,2026-08-04
/en/YuGiOh/Products/Singles/20th-Anniversary-Duelist-Box/Blue-Eyes-White-Dragon,https://www.cardmarket.com/en/YuGiOh/Products/Singles/20th-Anniversary-Duelist-Box/Blue-Eyes-White-Dragon,20th Anniversary Duelist Box,Blue Eyes White Dragon,,,,,,,priced,9749,97.49,14,versions|search,no,,,,2026-08-04
/en/YuGiOh/Products/Singles/20th-Anniversary-Legend-Collection/Blue-Eyes-White-Dragon-V1-Ultra-Rare,https://www.cardmarket.com/en/YuGiOh/Products/Singles/20th-Anniversary-Legend-Collection/Blue-Eyes-White-Dragon-V1-Ultra-Rare,20th Anniversary Legend Collection,Blue Eyes White Dragon V1 Ultra Rare,V1,Ultra Rare,,,,,priced,200,2.00,31,versions|search,no,,,,2026-08-04
/en/YuGiOh/Products/Singles/20th-Anniversary-Legend-Collection/Blue-Eyes-White-Dragon-V2-Secret-Rare,https://www.cardmarket.com/en/YuGiOh/Products/Singles/20th-Anniversary-Legend-Collection/Blue-Eyes-White-Dragon-V2-Secret-Rare,20th Anniversary Legend Collection,Blue Eyes White Dragon V2 Secret Rare,V2,Secret Rare,,,,,priced,999,9.99,14,versions|search,no,,,,2026-08-04
/en/YuGiOh/Products/Singles/20th-Anniversary-Pack-1st-Wave/Blue-Eyes-White-Dragon,https://www.cardmarket.com/en/YuGiOh/Products/Singles/20th-Anniversary-Pack-1st-Wave/Blue-Eyes-White-Dragon,20th Anniversary Pack 1st Wave,Blue Eyes White Dragon,,,,,,,priced,6800,68.00,25,versions,no,,,,2026-08-04
/en/YuGiOh/Products/Singles/20th-Secret-Rare-Special-Pack/Blue-Eyes-White-Dragon,https://www.cardmarket.com/en/YuGiOh/Products/Singles/20th-Secret-Rare-Special-Pack/Blue-Eyes-White-Dragon,20th Secret Rare Special Pack,Blue Eyes White Dragon,,Secret Rare,,,,,priced,19000,190.00,7,versions,no,,,,2026-08-04
/en/YuGiOh/Products/Singles/25th-Anniversary-Tin-Dueling-Mirrors/Blue-Eyes-White-Dragon,https://www.cardmarket.com/en/YuGiOh/Products/Singles/25th-Anniversary-Tin-Dueling-Mirrors/Blue-Eyes-White-Dragon,25th Anniversary Tin Dueling Mirrors,Blue Eyes White Dragon,,,,,,,priced,1799,17.99,804,versions|search,no,,,,2026-08-04
/en/YuGiOh/Products/Singles/25th-Anniversary-Ukiyo-e-Style-Limited-OCG-Card-Set/Blue-Eyes-White-Dragon,https://www.cardmarket.com/en/YuGiOh/Products/Singles/25th-Anniversary-Ukiyo-e-Style-Limited-OCG-Card-Set/Blue-Eyes-White-Dragon,25th Anniversary Ukiyo e Style Limited OCG Card Set,Blue Eyes White Dragon,,,,,,,priced,26000,260.00,24,versions|search,no,,,,2026-08-04
/en/YuGiOh/Products/Singles/25th-Anniversary-Ultimate-Kaiba-Set/Blue-Eyes-White-Dragon-V1-Ultra-Rare,https://www.cardmarket.com/en/YuGiOh/Products/Singles/25th-Anniversary-Ultimate-Kaiba-Set/Blue-Eyes-White-Dragon-V1-Ultra-Rare,25th Anniversary Ultimate Kaiba Set,Blue Eyes White Dragon V1 Ultra Rare,V1,Ultra Rare,,,,,priced,495,4.95,18,versions|search,no,,,,2026-08-04
/en/YuGiOh/Products/Singles/25th-Anniversary-Ultimate-Kaiba-Set/Blue-Eyes-White-Dragon-V2-Quarter-Century-Secret-Rare,https://www.cardmarket.com/en/YuGiOh/Products/Singles/25th-Anniversary-Ultimate-Kaiba-Set/Blue-Eyes-White-Dragon-V2-Quarter-Century-Secret-Rare,25th Anniversary Ultimate Kaiba Set,Blue Eyes White Dragon V2 Quarter Century Secret Rare,V2,Quarter Century Secret Rare,,,,,priced,27900,279.00,13,versions|search,no,,,,2026-08-04
/en/YuGiOh/Products/Singles/25th-Anniversary-Ultimate-Kaiba-Set/Blue-Eyes-White-Dragon-V3-Secret-Rare,https://www.cardmarket.com/en/YuGiOh/Products/Singles/25th-Anniversary-Ultimate-Kaiba-Set/Blue-Eyes-White-Dragon-V3-Secret-Rare,25th Anniversary Ultimate Kaiba Set,Blue Eyes White Dragon V3 Secret Rare,V3,Secret Rare,,,,,priced,11994,119.94,22,versions|search,no,,,,2026-08-04
/en/YuGiOh/Products/Singles/7-Eleven-Collaboration-Campaign/Blue-Eyes-White-Dragon,https://www.cardmarket.com/en/YuGiOh/Products/Singles/7-Eleven-Collaboration-Campaign/Blue-Eyes-White-Dragon,7 Eleven Collaboration Campaign,Blue Eyes White Dragon,,,,,,,priced,1195,11.95,38,versions|search,no,,,,2026-08-04
/en/YuGiOh/Products/Singles/Animation-Chronicle-2022/Blue-Eyes-White-Dragon,https://www.cardmarket.com/en/YuGiOh/Products/Singles/Animation-Chronicle-2022/Blue-Eyes-White-Dragon,Animation Chronicle 2022,Blue Eyes White Dragon,,,,,,,priced,18500,185.00,16,versions|search,no,,,,2026-08-04
/en/YuGiOh/Products/Singles/Anniversary-Pack/Blue-Eyes-White-Dragon,https://www.cardmarket.com/en/YuGiOh/Products/Singles/Anniversary-Pack/Blue-Eyes-White-Dragon,Anniversary Pack,Blue Eyes White Dragon,,,,,,,priced,490,4.90,203,versions|search,no,,,,2026-08-04
/en/YuGiOh/Products/Singles/Banzai-Promos/Blue-Eyes-White-Dragon,https://www.cardmarket.com/en/YuGiOh/Products/Singles/Banzai-Promos/Blue-Eyes-White-Dragon,Banzai Promos,Blue Eyes White Dragon,,,,,,,priced,5,0.05,217,versions|search,no,,,,2026-08-04
/en/YuGiOh/Products/Singles/Battles-of-Legend-Monster-Mayhem/Blue-Eyes-White-Dragon-V1-Secret-Rare,https://www.cardmarket.com/en/YuGiOh/Products/Singles/Battles-of-Legend-Monster-Mayhem/Blue-Eyes-White-Dragon-V1-Secret-Rare,Battles of Legend Monster Mayhem,Blue Eyes White Dragon V1 Secret Rare,V1,Secret Rare,,,,,priced,500,5.00,518,versions|search,no,,,,2026-08-04
/en/YuGiOh/Products/Singles/Battles-of-Legend-Monster-Mayhem/Blue-Eyes-White-Dragon-V2-Starlight-Rare,https://www.cardmarket.com/en/YuGiOh/Products/Singles/Battles-of-Legend-Monster-Mayhem/Blue-Eyes-White-Dragon-V2-Starlight-Rare,Battles of Legend Monster Mayhem,Blue Eyes White Dragon V2 Starlight Rare,V2,Starlight Rare,,,,,priced,6999,69.99,54,versions|search,no,,,,2026-08-04
/en/YuGiOh/Products/Singles/Beginners-Edition-1-2011/Blue-Eyes-White-Dragon,https://www.cardmarket.com/en/YuGiOh/Products/Singles/Beginners-Edition-1-2011/Blue-Eyes-White-Dragon,Beginners Edition 1 2011,Blue Eyes White Dragon,,,,,,,priced,1395,13.95,4,versions,no,,,,2026-08-04
/en/YuGiOh/Products/Singles/Beginners-Edition-1/Blue-Eyes-White-Dragon,https://www.cardmarket.com/en/YuGiOh/Products/Singles/Beginners-Edition-1/Blue-Eyes-White-Dragon,Beginners Edition 1,Blue Eyes White Dragon,,,,,,,priced,990,9.90,5,versions,no,,,,2026-08-04
/en/YuGiOh/Products/Singles/Booster-Pack-Tin/Blue-Eyes-White-Dragon-V-1,https://www.cardmarket.com/en/YuGiOh/Products/Singles/Booster-Pack-Tin/Blue-Eyes-White-Dragon-V-1,Booster Pack Tin,Blue Eyes White Dragon V 1,V1,,,,,,priced,1299,12.99,99,versions|search,no,,,,2026-08-04
/en/YuGiOh/Products/Singles/Booster-Pack-Tin/Blue-Eyes-White-Dragon-V-2,https://www.cardmarket.com/en/YuGiOh/Products/Singles/Booster-Pack-Tin/Blue-Eyes-White-Dragon-V-2,Booster Pack Tin,Blue Eyes White Dragon V 2,V2,,,,,,priced,385,3.85,149,versions|search,no,,,,2026-08-04
/en/YuGiOh/Products/Singles/Dark-Beginning-1/Blue-Eyes-White-Dragon,https://www.cardmarket.com/en/YuGiOh/Products/Singles/Dark-Beginning-1/Blue-Eyes-White-Dragon,Dark Beginning 1,Blue Eyes White Dragon,,,,,,,priced,79,0.79,146,versions|search,no,,,,2026-08-04
/en/YuGiOh/Products/Singles/Dark-Duel-Stories/Blue-Eyes-White-Dragon,https://www.cardmarket.com/en/YuGiOh/Products/Singles/Dark-Duel-Stories/Blue-Eyes-White-Dragon,Dark Duel Stories,Blue Eyes White Dragon,,,,,,,priced,29000,290.00,23,versions|search,no,,,,2026-08-04
/en/YuGiOh/Products/Singles/Dark-Legends/Blue-Eyes-White-Dragon,https://www.cardmarket.com/en/YuGiOh/Products/Singles/Dark-Legends/Blue-Eyes-White-Dragon,Dark Legends,Blue Eyes White Dragon,,,,,,,priced,400,4.00,29,versions|search,no,,,,2026-08-04
/en/YuGiOh/Products/Singles/Duel-Overload/Blue-Eyes-White-Dragon,https://www.cardmarket.com/en/YuGiOh/Products/Singles/Duel-Overload/Blue-Eyes-White-Dragon,Duel Overload,Blue Eyes White Dragon,,,,,,,priced,35,0.35,864,versions|search,no,,,,2026-08-04
/en/YuGiOh/Products/Singles/Duel-Royale-Deck-Set-EX/Blue-Eyes-White-Dragon-V1-Common,https://www.cardmarket.com/en/YuGiOh/Products/Singles/Duel-Royale-Deck-Set-EX/Blue-Eyes-White-Dragon-V1-Common,Duel Royale Deck Set EX,Blue Eyes White Dragon V1 Common,V1,Common,,,,,na,,,,versions|search,no,,,,2026-08-04
/en/YuGiOh/Products/Singles/Duel-Royale-Deck-Set-EX/Blue-Eyes-White-Dragon-V2-Ultra-Rare,https://www.cardmarket.com/en/YuGiOh/Products/Singles/Duel-Royale-Deck-Set-EX/Blue-Eyes-White-Dragon-V2-Ultra-Rare,Duel Royale Deck Set EX,Blue Eyes White Dragon V2 Ultra Rare,V2,Ultra Rare,,,,,priced,1999,19.99,3,versions|search,no,,,,2026-08-04
/en/YuGiOh/Products/Singles/Duel-Terminal-1/Blue-Eyes-White-Dragon,https://www.cardmarket.com/en/YuGiOh/Products/Singles/Duel-Terminal-1/Blue-Eyes-White-Dragon,Duel Terminal 1,Blue Eyes White Dragon,,,,,,,priced,300,3.00,65,versions|search,no,,,,2026-08-04
/en/YuGiOh/Products/Singles/Duel-Terminal-Preview/Blue-Eyes-White-Dragon,https://www.cardmarket.com/en/YuGiOh/Products/Singles/Duel-Terminal-Preview/Blue-Eyes-White-Dragon,Duel Terminal Preview,Blue Eyes White Dragon,,,,,,,priced,199999,1999.99,2,versions|search,no,,,,2026-08-04
/en/YuGiOh/Products/Singles/Duelist-League-09/Blue-Eyes-White-Dragon-V1-Rare,https://www.cardmarket.com/en/YuGiOh/Products/Singles/Duelist-League-09/Blue-Eyes-White-Dragon-V1-Rare,Duelist League 09,Blue Eyes White Dragon V1 Rare,V1,Rare,,,,,priced,999,9.99,118,versions|search,no,,,,2026-08-04
/en/YuGiOh/Products/Singles/Duelist-League-09/Blue-Eyes-White-Dragon-V2-Rare,https://www.cardmarket.com/en/YuGiOh/Products/Singles/Duelist-League-09/Blue-Eyes-White-Dragon-V2-Rare,Duelist League 09,Blue Eyes White Dragon V2 Rare,V2,Rare,,,,,priced,1000,10.00,101,versions|search,no,,,,2026-08-04
/en/YuGiOh/Products/Singles/Duelist-League-09/Blue-Eyes-White-Dragon-V3-Rare,https://www.cardmarket.com/en/YuGiOh/Products/Singles/Duelist-League-09/Blue-Eyes-White-Dragon-V3-Rare,Duelist League 09,Blue Eyes White Dragon V3 Rare,V3,Rare,,,,,priced,600,6.00,130,versions|search,no,,,,2026-08-04
/en/YuGiOh/Products/Singles/Duelist-League-09/Blue-Eyes-White-Dragon-V4-Rare,https://www.cardmarket.com/en/YuGiOh/Products/Singles/Duelist-League-09/Blue-Eyes-White-Dragon-V4-Rare,Duelist League 09,Blue Eyes White Dragon V4 Rare,V4,Rare,,,,,priced,1000,10.00,108,versions|search,no,,,,2026-08-04
/en/YuGiOh/Products/Singles/Duelist-League-Series-1/Blue-Eyes-White-Dragon,https://www.cardmarket.com/en/YuGiOh/Products/Singles/Duelist-League-Series-1/Blue-Eyes-White-Dragon,Duelist League Series 1,Blue Eyes White Dragon,,,,,,,priced,100,1.00,158,versions|search,no,,,,2026-08-04
/en/YuGiOh/Products/Singles/Duelist-Legacy-Volume-2/Blue-Eyes-White-Dragon-V1-Ultra-Rare,https://www.cardmarket.com/en/YuGiOh/Products/Singles/Duelist-Legacy-Volume-2/Blue-Eyes-White-Dragon-V1-Ultra-Rare,Duelist Legacy Volume 2,Blue Eyes White Dragon V1 Ultra Rare,V1,Ultra Rare,,,,,priced,500,5.00,16,versions|search,no,,,,2026-08-04
/en/YuGiOh/Products/Singles/Duelist-Legacy-Volume-2/Blue-Eyes-White-Dragon-V2-Ultra-Parallel-Rare,https://www.cardmarket.com/en/YuGiOh/Products/Singles/Duelist-Legacy-Volume-2/Blue-Eyes-White-Dragon-V2-Ultra-Parallel-Rare,Duelist Legacy Volume 2,Blue Eyes White Dragon V2 Ultra Parallel Rare,V2,Rare,,,,,priced,1200,12.00,9,versions,no,,,,2026-08-04
/en/YuGiOh/Products/Singles/Duelist-of-the-Roses/Blue-Eyes-White-Dragon,https://www.cardmarket.com/en/YuGiOh/Products/Singles/Duelist-of-the-Roses/Blue-Eyes-White-Dragon,Duelist of the Roses,Blue Eyes White Dragon,,,,,,,priced,7711,77.11,51,versions|search,no,,,,2026-08-04
/en/YuGiOh/Products/Singles/Duelist-Pack-Battle-City-Japanese/Blue-Eyes-White-Dragon,https://www.cardmarket.com/en/YuGiOh/Products/Singles/Duelist-Pack-Battle-City-Japanese/Blue-Eyes-White-Dragon,Duelist Pack Battle City Japanese,Blue Eyes White Dragon,,,,,,,priced,499,4.99,7,versions,no,,,,2026-08-04
/en/YuGiOh/Products/Singles/Duelist-Pack-Battle-City/Blue-Eyes-White-Dragon,https://www.cardmarket.com/en/YuGiOh/Products/Singles/Duelist-Pack-Battle-City/Blue-Eyes-White-Dragon,Duelist Pack Battle City,Blue Eyes White Dragon,,,,,,,priced,70,0.70,404,versions|search,no,,,,2026-08-04
/en/YuGiOh/Products/Singles/Duelist-Pack-Kaiba/Blue-Eyes-White-Dragon-V1-Super-Rare,https://www.cardmarket.com/en/YuGiOh/Products/Singles/Duelist-Pack-Kaiba/Blue-Eyes-White-Dragon-V1-Super-Rare,Duelist Pack Kaiba,Blue Eyes White Dragon V1 Super Rare,V1,Super Rare,,,,,priced,100,1.00,202,versions|search,no,,,,2026-08-04
/en/YuGiOh/Products/Singles/Duelist-Pack-Kaiba/Blue-Eyes-White-Dragon-V2-Super-Rare,https://www.cardmarket.com/en/YuGiOh/Products/Singles/Duelist-Pack-Kaiba/Blue-Eyes-White-Dragon-V2-Super-Rare,Duelist Pack Kaiba,Blue Eyes White Dragon V2 Super Rare,V2,Super Rare,,,,,priced,1250,12.50,101,versions|search,no,,,,2026-08-04
/en/YuGiOh/Products/Singles/Duelist-Pack-Legend-Duelist-3/Blue-Eyes-White-Dragon,https://www.cardmarket.com/en/YuGiOh/Products/Singles/Duelist-Pack-Legend-Duelist-3/Blue-Eyes-White-Dragon,Duelist Pack Legend Duelist 3,Blue Eyes White Dragon,,,,,,,priced,70,0.70,28,versions,no,,,,2026-08-04
/en/YuGiOh/Products/Singles/Duelist-Road-Piece-of-Memory-Side-Yami-Yugi/Blue-Eyes-White-Dragon-V1-Parallel-Rare,https://www.cardmarket.com/en/YuGiOh/Products/Singles/Duelist-Road-Piece-of-Memory-Side-Yami-Yugi/Blue-Eyes-White-Dragon-V1-Parallel-Rare,Duelist Road Piece of Memory Side Yami Yugi,Blue Eyes White Dragon V1 Parallel Rare,V1,Rare,,,,,priced,600,6.00,23,versions,no,,,,2026-08-04
/en/YuGiOh/Products/Singles/Duelist-Road-Piece-of-Memory-Side-Yami-Yugi/Blue-Eyes-White-Dragon-V2-Secret-Rare,https://www.cardmarket.com/en/YuGiOh/Products/Singles/Duelist-Road-Piece-of-Memory-Side-Yami-Yugi/Blue-Eyes-White-Dragon-V2-Secret-Rare,Duelist Road Piece of Memory Side Yami Yugi,Blue Eyes White Dragon V2 Secret Rare,V2,Secret Rare,,,,,priced,1750,17.50,37,versions|search,no,,,,2026-08-04
/en/YuGiOh/Products/Singles/Duelist-Saga/Blue-Eyes-White-Dragon,https://www.cardmarket.com/en/YuGiOh/Products/Singles/Duelist-Saga/Blue-Eyes-White-Dragon,Duelist Saga,Blue Eyes White Dragon,,,,,,,priced,600,6.00,372,versions|search,no,,,,2026-08-04
/en/YuGiOh/Products/Singles/EX-R-Starter-Box/Blue-Eyes-White-Dragon,https://www.cardmarket.com/en/YuGiOh/Products/Singles/EX-R-Starter-Box/Blue-Eyes-White-Dragon,EX R Starter Box,Blue Eyes White Dragon,,,,,,,priced,290,2.90,52,versions|search,no,,,,2026-08-04
/en/YuGiOh/Products/Singles/EX-Starter-Box/Blue-Eyes-White-Dragon,https://www.cardmarket.com/en/YuGiOh/Products/Singles/EX-Starter-Box/Blue-Eyes-White-Dragon,EX Starter Box,Blue Eyes White Dragon,,,,,,,priced,245,2.45,104,versions|search,no,,,,2026-08-04
/en/YuGiOh/Products/Singles/Forbidden-Legacy-1/Blue-Eyes-White-Dragon,https://www.cardmarket.com/en/YuGiOh/Products/Singles/Forbidden-Legacy-1/Blue-Eyes-White-Dragon,Forbidden Legacy 1,Blue Eyes White Dragon,,,,,,,priced,699,6.99,95,versions|search,no,,,,2026-08-04
/en/YuGiOh/Products/Singles/Gold-Series-5-Haunted-Mine/Blue-Eyes-White-Dragon,https://www.cardmarket.com/en/YuGiOh/Products/Singles/Gold-Series-5-Haunted-Mine/Blue-Eyes-White-Dragon,Gold Series 5 Haunted Mine,Blue Eyes White Dragon,,,,,,,priced,3000,30.00,237,versions|search,no,,,,2026-08-04
/en/YuGiOh/Products/Singles/Hidden-Arsenal-Chapter-1/Blue-Eyes-White-Dragon,https://www.cardmarket.com/en/YuGiOh/Products/Singles/Hidden-Arsenal-Chapter-1/Blue-Eyes-White-Dragon,Hidden Arsenal Chapter 1,Blue Eyes White Dragon,,,,,,,priced,8,0.08,2391,versions|search,no,,,,2026-08-04
/en/YuGiOh/Products/Singles/History-Archive-Collection/Blue-Eyes-White-Dragon,https://www.cardmarket.com/en/YuGiOh/Products/Singles/History-Archive-Collection/Blue-Eyes-White-Dragon,History Archive Collection,Blue Eyes White Dragon,,,,,,,priced,1990,19.90,19,versions|search,no,,,,2026-08-04
/en/YuGiOh/Products/Singles/Jump-Ryu-Vol08-Promotional-Card/Blue-Eyes-White-Dragon,https://www.cardmarket.com/en/YuGiOh/Products/Singles/Jump-Ryu-Vol08-Promotional-Card/Blue-Eyes-White-Dragon,Jump Ryu Vol08 Promotional Card,Blue Eyes White Dragon,,,,,,,priced,14700,147.00,17,versions|search,no,,,,2026-08-04
/en/YuGiOh/Products/Singles/Kaibas-Collector-Box/Blue-Eyes-White-Dragon-V-1,https://www.cardmarket.com/en/YuGiOh/Products/Singles/Kaibas-Collector-Box/Blue-Eyes-White-Dragon-V-1,Kaibas Collector Box,Blue Eyes White Dragon V 1,V1,,,,,,priced,60,0.60,413,versions|search,no,,,,2026-08-04
/en/YuGiOh/Products/Singles/Kaibas-Collector-Box/Blue-Eyes-White-Dragon-V-2,https://www.cardmarket.com/en/YuGiOh/Products/Singles/Kaibas-Collector-Box/Blue-Eyes-White-Dragon-V-2,Kaibas Collector Box,Blue Eyes White Dragon V 2,V2,,,,,,priced,4000,40.00,6,versions|search,no,,,,2026-08-04
/en/YuGiOh/Products/Singles/Legend-of-Blue-Eyes-White-Dragon-25th-Anniversary-Edition/Blue-Eyes-White-Dragon,https://www.cardmarket.com/en/YuGiOh/Products/Singles/Legend-of-Blue-Eyes-White-Dragon-25th-Anniversary-Edition/Blue-Eyes-White-Dragon,Legend of Blue Eyes White Dragon 25th Anniversary Edition,Blue Eyes White Dragon,,,,,,,priced,2190,21.90,172,versions|search,no,,,,2026-08-04
/en/YuGiOh/Products/Singles/Legend-of-Blue-Eyes-White-Dragon-Japanese/Blue-Eyes-White-Dragon,https://www.cardmarket.com/en/YuGiOh/Products/Singles/Legend-of-Blue-Eyes-White-Dragon-Japanese/Blue-Eyes-White-Dragon,Legend of Blue Eyes White Dragon Japanese,Blue Eyes White Dragon,,,,,,,priced,1999,19.99,41,versions|search,no,,,,2026-08-04
/en/YuGiOh/Products/Singles/Legend-of-Blue-Eyes-White-Dragon-Korean/Blue-Eyes-White-Dragon,https://www.cardmarket.com/en/YuGiOh/Products/Singles/Legend-of-Blue-Eyes-White-Dragon-Korean/Blue-Eyes-White-Dragon,Legend of Blue Eyes White Dragon Korean,Blue Eyes White Dragon,,,,,,,priced,860,8.60,40,versions|search,no,,,,2026-08-04
/en/YuGiOh/Products/Singles/Legend-of-Blue-Eyes-White-Dragon-LDB/Blue-Eyes-White-Dragon,https://www.cardmarket.com/en/YuGiOh/Products/Singles/Legend-of-Blue-Eyes-White-Dragon-LDB/Blue-Eyes-White-Dragon,Legend of Blue Eyes White Dragon LDB,Blue Eyes White Dragon,,,,,,,priced,5000,50.00,21,versions|search,no,,,,2026-08-04
/en/YuGiOh/Products/Singles/Legend-of-Blue-Eyes-White-Dragon-LDD/Blue-Eyes-White-Dragon-V1-Ultra-Rare,https://www.cardmarket.com/en/YuGiOh/Products/Singles/Legend-of-Blue-Eyes-White-Dragon-LDD/Blue-Eyes-White-Dragon-V1-Ultra-Rare,Legend of Blue Eyes White Dragon LDD,Blue Eyes White Dragon V1 Ultra Rare,V1,Ultra Rare,,,,,priced,1200,12.00,134,versions|search,no,,,,2026-08-04
/en/YuGiOh/Products/Singles/Legend-of-Blue-Eyes-White-Dragon-LDD/Blue-Eyes-White-Dragon-V2-Ultra-Rare,https://www.cardmarket.com/en/YuGiOh/Products/Singles/Legend-of-Blue-Eyes-White-Dragon-LDD/Blue-Eyes-White-Dragon-V2-Ultra-Rare,Legend of Blue Eyes White Dragon LDD,Blue Eyes White Dragon V2 Ultra Rare,V2,Ultra Rare,,,,,priced,900,9.00,107,versions|search,no,,,,2026-08-04
/en/YuGiOh/Products/Singles/Legend-of-Blue-Eyes-White-Dragon/Blue-Eyes-White-Dragon-V1-Ultra-Rare,https://www.cardmarket.com/en/YuGiOh/Products/Singles/Legend-of-Blue-Eyes-White-Dragon/Blue-Eyes-White-Dragon-V1-Ultra-Rare,Legend of Blue Eyes White Dragon,Blue Eyes White Dragon V1 Ultra Rare,V1,Ultra Rare,,,,,priced,456,4.56,248,versions|search,no,,,,2026-08-04
/en/YuGiOh/Products/Singles/Legend-of-Blue-Eyes-White-Dragon/Blue-Eyes-White-Dragon-V2-Ultra-Rare,https://www.cardmarket.com/en/YuGiOh/Products/Singles/Legend-of-Blue-Eyes-White-Dragon/Blue-Eyes-White-Dragon-V2-Ultra-Rare,Legend of Blue Eyes White Dragon,Blue Eyes White Dragon V2 Ultra Rare,V2,Ultra Rare,,,,,priced,999,9.99,91,versions|search,no,,,,2026-08-04
/en/YuGiOh/Products/Singles/Legend-of-Blue-Eyes-White-Dragon/Blue-Eyes-White-Dragon-V3-Secret-Rare,https://www.cardmarket.com/en/YuGiOh/Products/Singles/Legend-of-Blue-Eyes-White-Dragon/Blue-Eyes-White-Dragon-V3-Secret-Rare,Legend of Blue Eyes White Dragon,Blue Eyes White Dragon V3 Secret Rare,V3,Secret Rare,,,,,priced,5000,50.00,3,versions|search,no,,,,2026-08-04
/en/YuGiOh/Products/Singles/Legend-of-Blue-Eyes-White-Dragon/Blue-Eyes-White-Dragon-V4-Ultra-Rare,https://www.cardmarket.com/en/YuGiOh/Products/Singles/Legend-of-Blue-Eyes-White-Dragon/Blue-Eyes-White-Dragon-V4-Ultra-Rare,Legend of Blue Eyes White Dragon,Blue Eyes White Dragon V4 Ultra Rare,V4,Ultra Rare,,,,,priced,3798,37.98,7,versions|search,no,,,,2026-08-04
/en/YuGiOh/Products/Singles/Legendary-Collection-25th-Anniversary-Edition/Blue-Eyes-White-Dragon-V1-Ultra-Rare,https://www.cardmarket.com/en/YuGiOh/Products/Singles/Legendary-Collection-25th-Anniversary-Edition/Blue-Eyes-White-Dragon-V1-Ultra-Rare,Legendary Collection 25th Anniversary Edition,Blue Eyes White Dragon V1 Ultra Rare,V1,Ultra Rare,,,,,priced,10,0.10,2696,versions|search,no,,,,2026-08-04
/en/YuGiOh/Products/Singles/Legendary-Collection-25th-Anniversary-Edition/Blue-Eyes-White-Dragon-V2-Special,https://www.cardmarket.com/en/YuGiOh/Products/Singles/Legendary-Collection-25th-Anniversary-Edition/Blue-Eyes-White-Dragon-V2-Special,Legendary Collection 25th Anniversary Edition,Blue Eyes White Dragon V2 Special,V2,,,,,,priced,400,4.00,694,versions|search,no,,,,2026-08-04
/en/YuGiOh/Products/Singles/Legendary-Collection-Kaiba-Mega-Pack/Blue-Eyes-White-Dragon-V-1,https://www.cardmarket.com/en/YuGiOh/Products/Singles/Legendary-Collection-Kaiba-Mega-Pack/Blue-Eyes-White-Dragon-V-1,Legendary Collection Kaiba Mega Pack,Blue Eyes White Dragon V 1,V1,,,,,,priced,30,0.30,1234,versions|search,no,,,,2026-08-04
/en/YuGiOh/Products/Singles/Legendary-Collection-Kaiba-Mega-Pack/Blue-Eyes-White-Dragon-V-2,https://www.cardmarket.com/en/YuGiOh/Products/Singles/Legendary-Collection-Kaiba-Mega-Pack/Blue-Eyes-White-Dragon-V-2,Legendary Collection Kaiba Mega Pack,Blue Eyes White Dragon V 2,V2,,,,,,priced,50,0.50,1087,versions|search,no,,,,2026-08-04
/en/YuGiOh/Products/Singles/Legendary-Collection-Kaiba-Mega-Pack/Blue-Eyes-White-Dragon-V-3,https://www.cardmarket.com/en/YuGiOh/Products/Singles/Legendary-Collection-Kaiba-Mega-Pack/Blue-Eyes-White-Dragon-V-3,Legendary Collection Kaiba Mega Pack,Blue Eyes White Dragon V 3,V3,,,,,,priced,600,6.00,734,versions|search,no,,,,2026-08-04
/en/YuGiOh/Products/Singles/Legendary-Collection-Kaiba-Mega-Pack/Blue-Eyes-White-Dragon-V-4,https://www.cardmarket.com/en/YuGiOh/Products/Singles/Legendary-Collection-Kaiba-Mega-Pack/Blue-Eyes-White-Dragon-V-4,Legendary Collection Kaiba Mega Pack,Blue Eyes White Dragon V 4,V4,,,,,,priced,10,0.10,1136,versions|search,no,,,,2026-08-04
/en/YuGiOh/Products/Singles/Legendary-Collection/Blue-Eyes-White-Dragon,https://www.cardmarket.com/en/YuGiOh/Products/Singles/Legendary-Collection/Blue-Eyes-White-Dragon,Legendary Collection,Blue Eyes White Dragon,,,,,,,priced,4,0.04,760,versions|search,no,,,,2026-08-04
/en/YuGiOh/Products/Singles/Legendary-Decks-II/Blue-Eyes-White-Dragon-V-1,https://www.cardmarket.com/en/YuGiOh/Products/Singles/Legendary-Decks-II/Blue-Eyes-White-Dragon-V-1,Legendary Decks II,Blue Eyes White Dragon V 1,V1,,,,,,priced,2,0.02,445,versions|search,no,,,,2026-08-04
/en/YuGiOh/Products/Singles/Legendary-Decks-II/Blue-Eyes-White-Dragon-V-2,https://www.cardmarket.com/en/YuGiOh/Products/Singles/Legendary-Decks-II/Blue-Eyes-White-Dragon-V-2,Legendary Decks II,Blue Eyes White Dragon V 2,V2,,,,,,priced,2,0.02,2018,versions|search,no,,,,2026-08-04
/en/YuGiOh/Products/Singles/Legendary-Decks-II/Blue-Eyes-White-Dragon-V-3,https://www.cardmarket.com/en/YuGiOh/Products/Singles/Legendary-Decks-II/Blue-Eyes-White-Dragon-V-3,Legendary Decks II,Blue Eyes White Dragon V 3,V3,,,,,,priced,2,0.02,1837,versions|search,no,,,,2026-08-04
/en/YuGiOh/Products/Singles/Legendary-Duelists-Season-2/Blue-Eyes-White-Dragon-V1-Ultra-Rare,https://www.cardmarket.com/en/YuGiOh/Products/Singles/Legendary-Duelists-Season-2/Blue-Eyes-White-Dragon-V1-Ultra-Rare,Legendary Duelists Season 2,Blue Eyes White Dragon V1 Ultra Rare,V1,Ultra Rare,,,,,priced,85,0.85,331,versions|search,no,,,,2026-08-04
/en/YuGiOh/Products/Singles/Legendary-Duelists-Season-2/Blue-Eyes-White-Dragon-V2-Ultra-Rare,https://www.cardmarket.com/en/YuGiOh/Products/Singles/Legendary-Duelists-Season-2/Blue-Eyes-White-Dragon-V2-Ultra-Rare,Legendary Duelists Season 2,Blue Eyes White Dragon V2 Ultra Rare,V2,Ultra Rare,,,,,priced,149,1.49,151,versions|search,no,,,,2026-08-04
/en/YuGiOh/Products/Singles/Legendary-Duelists-Season-2/Blue-Eyes-White-Dragon-V3-Ultra-Rare,https://www.cardmarket.com/en/YuGiOh/Products/Singles/Legendary-Duelists-Season-2/Blue-Eyes-White-Dragon-V3-Ultra-Rare,Legendary Duelists Season 2,Blue Eyes White Dragon V3 Ultra Rare,V3,Ultra Rare,,,,,priced,75,0.75,213,versions|search,no,,,,2026-08-04
/en/YuGiOh/Products/Singles/Legendary-Duelists-Season-2/Blue-Eyes-White-Dragon-V4-Ultra-Rare,https://www.cardmarket.com/en/YuGiOh/Products/Singles/Legendary-Duelists-Season-2/Blue-Eyes-White-Dragon-V4-Ultra-Rare,Legendary Duelists Season 2,Blue Eyes White Dragon V4 Ultra Rare,V4,Ultra Rare,,,,,priced,100,1.00,168,versions|search,no,,,,2026-08-04
/en/YuGiOh/Products/Singles/Legendary-Duelists-White-Dragon-Abyss/Blue-Eyes-White-Dragon,https://www.cardmarket.com/en/YuGiOh/Products/Singles/Legendary-Duelists-White-Dragon-Abyss/Blue-Eyes-White-Dragon,Legendary Duelists White Dragon Abyss,Blue Eyes White Dragon,,,,,,,priced,2,0.02,846,versions|search,no,,,,2026-08-04
/en/YuGiOh/Products/Singles/Legendary-Gold-Box/Blue-Eyes-White-Dragon,https://www.cardmarket.com/en/YuGiOh/Products/Singles/Legendary-Gold-Box/Blue-Eyes-White-Dragon,Legendary Gold Box,Blue Eyes White Dragon,,,,,,,priced,1290,12.90,27,versions|search,no,,,,2026-08-04
/en/YuGiOh/Products/Singles/Limited-Pack-Stamp-Edition/Blue-Eyes-White-Dragon-V1-Ultra-Rare,https://www.cardmarket.com/en/YuGiOh/Products/Singles/Limited-Pack-Stamp-Edition/Blue-Eyes-White-Dragon-V1-Ultra-Rare,Limited Pack Stamp Edition,Blue Eyes White Dragon V1 Ultra Rare,V1,Ultra Rare,,,,,priced,190,1.90,90,versions|search,no,,,,2026-08-04
/en/YuGiOh/Products/Singles/Limited-Pack-Stamp-Edition/Blue-Eyes-White-Dragon-V2-Secret-Rare,https://www.cardmarket.com/en/YuGiOh/Products/Singles/Limited-Pack-Stamp-Edition/Blue-Eyes-White-Dragon-V2-Secret-Rare,Limited Pack Stamp Edition,Blue Eyes White Dragon V2 Secret Rare,V2,Secret Rare,,,,,priced,675,6.75,52,versions|search,no,,,,2026-08-04
/en/YuGiOh/Products/Singles/Limited-Pack-Stamp-Edition/Blue-Eyes-White-Dragon-V3-Starlight-Rare,https://www.cardmarket.com/en/YuGiOh/Products/Singles/Limited-Pack-Stamp-Edition/Blue-Eyes-White-Dragon-V3-Starlight-Rare,Limited Pack Stamp Edition,Blue Eyes White Dragon V3 Starlight Rare,V3,Starlight Rare,,,,,priced,30000,300.00,4,versions,no,,,,2026-08-04
/en/YuGiOh/Products/Singles/Magnificent-Mavens/Blue-Eyes-White-Dragon-V1-Ultra-Parallel-Rare,https://www.cardmarket.com/en/YuGiOh/Products/Singles/Magnificent-Mavens/Blue-Eyes-White-Dragon-V1-Ultra-Parallel-Rare,Magnificent Mavens,Blue Eyes White Dragon V1 Ultra Parallel Rare,V1,Rare,,,,,priced,14966,149.66,16,versions|search,no,,,,2026-08-04
/en/YuGiOh/Products/Singles/Magnificent-Mavens/Blue-Eyes-White-Dragon-V2-Secret-Parallel-Rare,https://www.cardmarket.com/en/YuGiOh/Products/Singles/Magnificent-Mavens/Blue-Eyes-White-Dragon-V2-Secret-Parallel-Rare,Magnificent Mavens,Blue Eyes White Dragon V2 Secret Parallel Rare,V2,Rare,,,,,priced,49900,499.00,2,versions|search,no,,,,2026-08-04
/en/YuGiOh/Products/Singles/Maximum-Gold-El-Dorado/Blue-Eyes-White-Dragon,https://www.cardmarket.com/en/YuGiOh/Products/Singles/Maximum-Gold-El-Dorado/Blue-Eyes-White-Dragon,Maximum Gold El Dorado,Blue Eyes White Dragon,,,,,,,priced,99,0.99,876,versions|search,no,,,,2026-08-04
/en/YuGiOh/Products/Singles/Maximum-Gold/Blue-Eyes-White-Dragon,https://www.cardmarket.com/en/YuGiOh/Products/Singles/Maximum-Gold/Blue-Eyes-White-Dragon,Maximum Gold,Blue Eyes White Dragon,,,,,,,priced,1299,12.99,277,versions|search,no,,,,2026-08-04
/en/YuGiOh/Products/Singles/OTS-Tournament-Pack-28/Blue-Eyes-White-Dragon,https://www.cardmarket.com/en/YuGiOh/Products/Singles/OTS-Tournament-Pack-28/Blue-Eyes-White-Dragon,OTS Tournament Pack 28,Blue Eyes White Dragon,,,,,,,priced,9000,90.00,146,versions|search,no,,,,2026-08-04
/en/YuGiOh/Products/Singles/Power-of-Chaos-Kaiba-the-Revenge/Blue-Eyes-White-Dragon,https://www.cardmarket.com/en/YuGiOh/Products/Singles/Power-of-Chaos-Kaiba-the-Revenge/Blue-Eyes-White-Dragon,Power of Chaos Kaiba the Revenge,Blue Eyes White Dragon,,,,,,,priced,100,1.00,283,versions|search,no,,,,2026-08-04
/en/YuGiOh/Products/Singles/Premium-Gold-2/Blue-Eyes-White-Dragon,https://www.cardmarket.com/en/YuGiOh/Products/Singles/Premium-Gold-2/Blue-Eyes-White-Dragon,Premium Gold 2,Blue Eyes White Dragon,,,,,,,priced,150,1.50,229,versions|search,no,,,,2026-08-04
/en/YuGiOh/Products/Singles/Prismatic-God-Box/Blue-Eyes-White-Dragon-V1-Ultra-Rare,https://www.cardmarket.com/en/YuGiOh/Products/Singles/Prismatic-God-Box/Blue-Eyes-White-Dragon-V1-Ultra-Rare,Prismatic God Box,Blue Eyes White Dragon V1 Ultra Rare,V1,Ultra Rare,,,,,priced,200,2.00,27,versions|search,no,,,,2026-08-04
/en/YuGiOh/Products/Singles/Prismatic-God-Box/Blue-Eyes-White-Dragon-V2-Ultimate-Rare,https://www.cardmarket.com/en/YuGiOh/Products/Singles/Prismatic-God-Box/Blue-Eyes-White-Dragon-V2-Ultimate-Rare,Prismatic God Box,Blue Eyes White Dragon V2 Ultimate Rare,V2,Ultimate Rare,,,,,priced,2950,29.50,13,versions|search,no,,,,2026-08-04
/en/YuGiOh/Products/Singles/Promos-OCG/Blue-Eyes-White-Dragon,https://www.cardmarket.com/en/YuGiOh/Products/Singles/Promos-OCG/Blue-Eyes-White-Dragon,Promos OCG,Blue Eyes White Dragon,,,,,,,na,,,,versions,no,,,,2026-08-04
/en/YuGiOh/Products/Singles/Promos-OCG/Blue-Eyes-White-Dragon-V1-Quarter-Century-Secret-Rare,https://www.cardmarket.com/en/YuGiOh/Products/Singles/Promos-OCG/Blue-Eyes-White-Dragon-V1-Quarter-Century-Secret-Rare,Promos OCG,Blue Eyes White Dragon V1 Quarter Century Secret Rare,V1,Quarter Century Secret Rare,,,,,priced,21900,219.00,3,versions|search,no,,,,2026-08-04
/en/YuGiOh/Products/Singles/Promos-OCG/Blue-Eyes-White-Dragon-V2-Parallel-Rare,https://www.cardmarket.com/en/YuGiOh/Products/Singles/Promos-OCG/Blue-Eyes-White-Dragon-V2-Parallel-Rare,Promos OCG,Blue Eyes White Dragon V2 Parallel Rare,V2,Rare,,,,,priced,1800,18.00,27,versions|search,no,,,,2026-08-04
/en/YuGiOh/Products/Singles/Quarter-Century-Art-Collection/Blue-Eyes-White-Dragon-V1-Ultra-Rare,https://www.cardmarket.com/en/YuGiOh/Products/Singles/Quarter-Century-Art-Collection/Blue-Eyes-White-Dragon-V1-Ultra-Rare,Quarter Century Art Collection,Blue Eyes White Dragon V1 Ultra Rare,V1,Ultra Rare,,,,,priced,30,0.30,59,versions|search,no,,,,2026-08-04
/en/YuGiOh/Products/Singles/Quarter-Century-Art-Collection/Blue-Eyes-White-Dragon-V10-Quarter-Century-Secret-Rare,https://www.cardmarket.com/en/YuGiOh/Products/Singles/Quarter-Century-Art-Collection/Blue-Eyes-White-Dragon-V10-Quarter-Century-Secret-Rare,Quarter Century Art Collection,Blue Eyes White Dragon V10 Quarter Century Secret Rare,V10,Quarter Century Secret Rare,,,,,priced,15900,159.00,9,versions|search,no,,,,2026-08-04
/en/YuGiOh/Products/Singles/Quarter-Century-Art-Collection/Blue-Eyes-White-Dragon-V2-Secret-Rare,https://www.cardmarket.com/en/YuGiOh/Products/Singles/Quarter-Century-Art-Collection/Blue-Eyes-White-Dragon-V2-Secret-Rare,Quarter Century Art Collection,Blue Eyes White Dragon V2 Secret Rare,V2,Secret Rare,,,,,priced,50,0.50,38,versions|search,no,,,,2026-08-04
/en/YuGiOh/Products/Singles/Quarter-Century-Art-Collection/Blue-Eyes-White-Dragon-V3-Secret-Rare,https://www.cardmarket.com/en/YuGiOh/Products/Singles/Quarter-Century-Art-Collection/Blue-Eyes-White-Dragon-V3-Secret-Rare,Quarter Century Art Collection,Blue Eyes White Dragon V3 Secret Rare,V3,Secret Rare,,,,,priced,290,2.90,17,versions|search,no,,,,2026-08-04
/en/YuGiOh/Products/Singles/Quarter-Century-Art-Collection/Blue-Eyes-White-Dragon-V4-Secret-Rare,https://www.cardmarket.com/en/YuGiOh/Products/Singles/Quarter-Century-Art-Collection/Blue-Eyes-White-Dragon-V4-Secret-Rare,Quarter Century Art Collection,Blue Eyes White Dragon V4 Secret Rare,V4,Secret Rare,,,,,priced,295,2.95,30,versions|search,no,,,,2026-08-04
/en/YuGiOh/Products/Singles/Quarter-Century-Art-Collection/Blue-Eyes-White-Dragon-V5-Secret-Rare,https://www.cardmarket.com/en/YuGiOh/Products/Singles/Quarter-Century-Art-Collection/Blue-Eyes-White-Dragon-V5-Secret-Rare,Quarter Century Art Collection,Blue Eyes White Dragon V5 Secret Rare,V5,Secret Rare,,,,,priced,240,2.40,22,versions|search,no,,,,2026-08-04
/en/YuGiOh/Products/Singles/Quarter-Century-Art-Collection/Blue-Eyes-White-Dragon-V6-Quarter-Century-Secret-Rare,https://www.cardmarket.com/en/YuGiOh/Products/Singles/Quarter-Century-Art-Collection/Blue-Eyes-White-Dragon-V6-Quarter-Century-Secret-Rare,Quarter Century Art Collection,Blue Eyes White Dragon V6 Quarter Century Secret Rare,V6,Quarter Century Secret Rare,,,,,priced,1400,14.00,19,versions|search,no,,,,2026-08-04
/en/YuGiOh/Products/Singles/Quarter-Century-Art-Collection/Blue-Eyes-White-Dragon-V7-Quarter-Century-Secret-Rare,https://www.cardmarket.com/en/YuGiOh/Products/Singles/Quarter-Century-Art-Collection/Blue-Eyes-White-Dragon-V7-Quarter-Century-Secret-Rare,Quarter Century Art Collection,Blue Eyes White Dragon V7 Quarter Century Secret Rare,V7,Quarter Century Secret Rare,,,,,priced,2000,20.00,10,versions|search,no,,,,2026-08-04
/en/YuGiOh/Products/Singles/Quarter-Century-Art-Collection/Blue-Eyes-White-Dragon-V8-Quarter-Century-Secret-Rare,https://www.cardmarket.com/en/YuGiOh/Products/Singles/Quarter-Century-Art-Collection/Blue-Eyes-White-Dragon-V8-Quarter-Century-Secret-Rare,Quarter Century Art Collection,Blue Eyes White Dragon V8 Quarter Century Secret Rare,V8,Quarter Century Secret Rare,,,,,priced,2999,29.99,7,versions|search,no,,,,2026-08-04
/en/YuGiOh/Products/Singles/Quarter-Century-Art-Collection/Blue-Eyes-White-Dragon-V9-Quarter-Century-Secret-Rare,https://www.cardmarket.com/en/YuGiOh/Products/Singles/Quarter-Century-Art-Collection/Blue-Eyes-White-Dragon-V9-Quarter-Century-Secret-Rare,Quarter Century Art Collection,Blue Eyes White Dragon V9 Quarter Century Secret Rare,V9,Quarter Century Secret Rare,,,,,priced,1600,16.00,11,versions|search,no,,,,2026-08-04
/en/YuGiOh/Products/Singles/Quarter-Century-Bonanza/Blue-Eyes-White-Dragon-V1-Platinum-Secret-Rare,https://www.cardmarket.com/en/YuGiOh/Products/Singles/Quarter-Century-Bonanza/Blue-Eyes-White-Dragon-V1-Platinum-Secret-Rare,Quarter Century Bonanza,Blue Eyes White Dragon V1 Platinum Secret Rare,V1,Platinum Secret Rare,,,,,priced,400,4.00,408,versions|search,no,,,,2026-08-04
/en/YuGiOh/Products/Singles/Quarter-Century-Bonanza/Blue-Eyes-White-Dragon-V2-Quarter-Century-Secret-Rare,https://www.cardmarket.com/en/YuGiOh/Products/Singles/Quarter-Century-Bonanza/Blue-Eyes-White-Dragon-V2-Quarter-Century-Secret-Rare,Quarter Century Bonanza,Blue Eyes White Dragon V2 Quarter Century Secret Rare,V2,Quarter Century Secret Rare,,,,,priced,12000,120.00,80,versions|search,no,,,,2026-08-04
/en/YuGiOh/Products/Singles/Quarter-Century-Chronicle-sidePride/Blue-Eyes-White-Dragon-V1-Ultra-Rare,https://www.cardmarket.com/en/YuGiOh/Products/Singles/Quarter-Century-Chronicle-sidePride/Blue-Eyes-White-Dragon-V1-Ultra-Rare,Quarter Century Chronicle sidePride,Blue Eyes White Dragon V1 Ultra Rare,V1,Ultra Rare,,,,,priced,498,4.98,5,versions|search,no,,,,2026-08-04
/en/YuGiOh/Products/Singles/Quarter-Century-Chronicle-sidePride/Blue-Eyes-White-Dragon-V2-Secret-Rare,https://www.cardmarket.com/en/YuGiOh/Products/Singles/Quarter-Century-Chronicle-sidePride/Blue-Eyes-White-Dragon-V2-Secret-Rare,Quarter Century Chronicle sidePride,Blue Eyes White Dragon V2 Secret Rare,V2,Secret Rare,,,,,priced,1700,17.00,18,versions|search,no,,,,2026-08-04
/en/YuGiOh/Products/Singles/Quarter-Century-Chronicle-sidePride/Blue-Eyes-White-Dragon-V3-Quarter-Century-Secret-Rare,https://www.cardmarket.com/en/YuGiOh/Products/Singles/Quarter-Century-Chronicle-sidePride/Blue-Eyes-White-Dragon-V3-Quarter-Century-Secret-Rare,Quarter Century Chronicle sidePride,Blue Eyes White Dragon V3 Quarter Century Secret Rare,V3,Quarter Century Secret Rare,,,,,priced,31000,310.00,4,versions|search,no,,,,2026-08-04
/en/YuGiOh/Products/Singles/Quarter-Century-Chronicle-sidePride/Blue-Eyes-White-Dragon-V4-Ultimate-Rare,https://www.cardmarket.com/en/YuGiOh/Products/Singles/Quarter-Century-Chronicle-sidePride/Blue-Eyes-White-Dragon-V4-Ultimate-Rare,Quarter Century Chronicle sidePride,Blue Eyes White Dragon V4 Ultimate Rare,V4,Ultimate Rare,,,,,priced,6995,69.95,5,versions|search,no,,,,2026-08-04
/en/YuGiOh/Products/Singles/Quarter-Century-Duelist-Box/Blue-Eyes-White-Dragon-V1-Ultra-Rare,https://www.cardmarket.com/en/YuGiOh/Products/Singles/Quarter-Century-Duelist-Box/Blue-Eyes-White-Dragon-V1-Ultra-Rare,Quarter Century Duelist Box,Blue Eyes White Dragon V1 Ultra Rare,V1,Ultra Rare,,,,,priced,99,0.99,19,versions|search,no,,,,2026-08-04
/en/YuGiOh/Products/Singles/Quarter-Century-Duelist-Box/Blue-Eyes-White-Dragon-V2-Secret-Rare,https://www.cardmarket.com/en/YuGiOh/Products/Singles/Quarter-Century-Duelist-Box/Blue-Eyes-White-Dragon-V2-Secret-Rare,Quarter Century Duelist Box,Blue Eyes White Dragon V2 Secret Rare,V2,Secret Rare,,,,,priced,900,9.00,8,versions,no,,,,2026-08-04
/en/YuGiOh/Products/Singles/Quarter-Century-Duelist-Box/Blue-Eyes-White-Dragon-V3-Quarter-Century-Secret-Rare,https://www.cardmarket.com/en/YuGiOh/Products/Singles/Quarter-Century-Duelist-Box/Blue-Eyes-White-Dragon-V3-Quarter-Century-Secret-Rare,Quarter Century Duelist Box,Blue Eyes White Dragon V3 Quarter Century Secret Rare,V3,Quarter Century Secret Rare,,,,,priced,6990,69.90,8,versions,no,,,,2026-08-04
/en/YuGiOh/Products/Singles/Quarter-Century-Stampede/Blue-Eyes-White-Dragon-V1-Quarter-Century-Secret-Rare,https://www.cardmarket.com/en/YuGiOh/Products/Singles/Quarter-Century-Stampede/Blue-Eyes-White-Dragon-V1-Quarter-Century-Secret-Rare,Quarter Century Stampede,Blue Eyes White Dragon V1 Quarter Century Secret Rare,V1,Quarter Century Secret Rare,,,,,priced,4000,40.00,151,versions|search,no,,,,2026-08-04
/en/YuGiOh/Products/Singles/Quarter-Century-Stampede/Blue-Eyes-White-Dragon-V2-Platinum-Secret-Rare,https://www.cardmarket.com/en/YuGiOh/Products/Singles/Quarter-Century-Stampede/Blue-Eyes-White-Dragon-V2-Platinum-Secret-Rare,Quarter Century Stampede,Blue Eyes White Dragon V2 Platinum Secret Rare,V2,Platinum Secret Rare,,,,,priced,200,2.00,270,versions|search,no,,,,2026-08-04
/en/YuGiOh/Products/Singles/Quarter-Century-Stampede/Blue-Eyes-White-Dragon-V3-Platinum-Secret-Rare,https://www.cardmarket.com/en/YuGiOh/Products/Singles/Quarter-Century-Stampede/Blue-Eyes-White-Dragon-V3-Platinum-Secret-Rare,Quarter Century Stampede,Blue Eyes White Dragon V3 Platinum Secret Rare,V3,Platinum Secret Rare,,,,,priced,190,1.90,274,versions|search,no,,,,2026-08-04
/en/YuGiOh/Products/Singles/Quarter-Century-Stampede/Blue-Eyes-White-Dragon-V4-Quarter-Century-Secret-Rare,https://www.cardmarket.com/en/YuGiOh/Products/Singles/Quarter-Century-Stampede/Blue-Eyes-White-Dragon-V4-Quarter-Century-Secret-Rare,Quarter Century Stampede,Blue Eyes White Dragon V4 Quarter Century Secret Rare,V4,Quarter Century Secret Rare,,,,,priced,1050,10.50,165,versions|search,no,,,,2026-08-04
/en/YuGiOh/Products/Singles/Quarter-Century-Stampede/Blue-Eyes-White-Dragon-V5-Quarter-Century-Secret-Rare,https://www.cardmarket.com/en/YuGiOh/Products/Singles/Quarter-Century-Stampede/Blue-Eyes-White-Dragon-V5-Quarter-Century-Secret-Rare,Quarter Century Stampede,Blue Eyes White Dragon V5 Quarter Century Secret Rare,V5,Quarter Century Secret Rare,,,,,priced,1299,12.99,195,versions|search,no,,,,2026-08-04
/en/YuGiOh/Products/Singles/Rarity-Collection-5/Blue-Eyes-White-Dragon-V1-Ultra-Rare,https://www.cardmarket.com/en/YuGiOh/Products/Singles/Rarity-Collection-5/Blue-Eyes-White-Dragon-V1-Ultra-Rare,Rarity Collection 5,Blue Eyes White Dragon V1 Ultra Rare,V1,Ultra Rare,,,,,priced,99,0.99,1261,versions|search,no,,,,2026-08-04
/en/YuGiOh/Products/Singles/Rarity-Collection-5/Blue-Eyes-White-Dragon-V2-Starlight-Rare,https://www.cardmarket.com/en/YuGiOh/Products/Singles/Rarity-Collection-5/Blue-Eyes-White-Dragon-V2-Starlight-Rare,Rarity Collection 5,www.cardmarket.com,V2,Starlight Rare,,,,,priced,1350,13.50,531,versions|search,yes,yes,expansion|rarity|version,edition|finish|language|printed_code,2026-08-04
/en/YuGiOh/Products/Singles/Retro-Pack/Blue-Eyes-White-Dragon-V1-Ultra-Rare,https://www.cardmarket.com/en/YuGiOh/Products/Singles/Retro-Pack/Blue-Eyes-White-Dragon-V1-Ultra-Rare,Retro Pack,Blue Eyes White Dragon V1 Ultra Rare,V1,Ultra Rare,,,,,priced,599,5.99,133,versions|search,no,,,,2026-08-04
/en/YuGiOh/Products/Singles/Retro-Pack/Blue-Eyes-White-Dragon-V2-Ultra-Rare,https://www.cardmarket.com/en/YuGiOh/Products/Singles/Retro-Pack/Blue-Eyes-White-Dragon-V2-Ultra-Rare,Retro Pack,Blue Eyes White Dragon V2 Ultra Rare,V2,Ultra Rare,,,,,priced,1300,13.00,27,versions|search,no,,,,2026-08-04
/en/YuGiOh/Products/Singles/Shonen-Jump-Magazine/Blue-Eyes-White-Dragon-V-1,https://www.cardmarket.com/en/YuGiOh/Products/Singles/Shonen-Jump-Magazine/Blue-Eyes-White-Dragon-V-1,Shonen Jump Magazine,Blue Eyes White Dragon V 1,V1,,,,,,priced,154,1.54,123,versions|search,no,,,,2026-08-04
/en/YuGiOh/Products/Singles/Shonen-Jump-Magazine/Blue-Eyes-White-Dragon-V2-Ultra-Rare,https://www.cardmarket.com/en/YuGiOh/Products/Singles/Shonen-Jump-Magazine/Blue-Eyes-White-Dragon-V2-Ultra-Rare,Shonen Jump Magazine,Blue Eyes White Dragon V2 Ultra Rare,V2,Ultra Rare,,,,,priced,500,5.00,54,versions|search,no,,,,2026-08-04
/en/YuGiOh/Products/Singles/Shonen-Jump-Magazine/Blue-Eyes-White-Dragon-V3-Ultra-Rare,https://www.cardmarket.com/en/YuGiOh/Products/Singles/Shonen-Jump-Magazine/Blue-Eyes-White-Dragon-V3-Ultra-Rare,Shonen Jump Magazine,Blue Eyes White Dragon V3 Ultra Rare,V3,Ultra Rare,,,,,priced,6990,69.90,60,versions|search,no,,,,2026-08-04
/en/YuGiOh/Products/Singles/Shonen-Jump-Magazine/Blue-Eyes-White-Dragon-V4-Ultra-Rare,https://www.cardmarket.com/en/YuGiOh/Products/Singles/Shonen-Jump-Magazine/Blue-Eyes-White-Dragon-V4-Ultra-Rare,Shonen Jump Magazine,Blue Eyes White Dragon V4 Ultra Rare,V4,Ultra Rare,,,,,priced,27999,279.99,10,versions|search,no,,,,2026-08-04
/en/YuGiOh/Products/Singles/Speed-Duel-Battle-City-Box/Blue-Eyes-White-Dragon-V1-Common,https://www.cardmarket.com/en/YuGiOh/Products/Singles/Speed-Duel-Battle-City-Box/Blue-Eyes-White-Dragon-V1-Common,Speed Duel Battle City Box,Blue Eyes White Dragon V1 Common,V1,Common,,,,,priced,2,0.02,462,versions|search,no,,,,2026-08-04
/en/YuGiOh/Products/Singles/Speed-Duel-Battle-City-Box/Blue-Eyes-White-Dragon-V2-Secret-Rare,https://www.cardmarket.com/en/YuGiOh/Products/Singles/Speed-Duel-Battle-City-Box/Blue-Eyes-White-Dragon-V2-Secret-Rare,Speed Duel Battle City Box,Blue Eyes White Dragon V2 Secret Rare,V2,Secret Rare,,,,,priced,129,1.29,208,versions|search,no,,,,2026-08-04
/en/YuGiOh/Products/Singles/Speed-Duel-Battle-City-Finals/Blue-Eyes-White-Dragon-V1-Common,https://www.cardmarket.com/en/YuGiOh/Products/Singles/Speed-Duel-Battle-City-Finals/Blue-Eyes-White-Dragon-V1-Common,Speed Duel Battle City Finals,Blue Eyes White Dragon V1 Common,V1,Common,,,,,priced,2,0.02,252,versions|search,no,,,,2026-08-04
/en/YuGiOh/Products/Singles/Speed-Duel-Battle-City-Finals/Blue-Eyes-White-Dragon-V2-Secret-Rare,https://www.cardmarket.com/en/YuGiOh/Products/Singles/Speed-Duel-Battle-City-Finals/Blue-Eyes-White-Dragon-V2-Secret-Rare,Speed Duel Battle City Finals,Blue Eyes White Dragon V2 Secret Rare,V2,Secret Rare,,,,,priced,1079,10.79,71,versions|search,no,,,,2026-08-04
/en/YuGiOh/Products/Singles/Speed-Duel-Starter-Decks-Duelists-of-Tomorrow/Blue-Eyes-White-Dragon,https://www.cardmarket.com/en/YuGiOh/Products/Singles/Speed-Duel-Starter-Decks-Duelists-of-Tomorrow/Blue-Eyes-White-Dragon,Speed Duel Starter Decks Duelists of Tomorrow,Blue Eyes White Dragon,,,,,,,priced,4,0.04,495,versions|search,no,,,,2026-08-04
/en/YuGiOh/Products/Singles/Speed-Duel-Tournament-Pack-1/Blue-Eyes-White-Dragon,https://www.cardmarket.com/en/YuGiOh/Products/Singles/Speed-Duel-Tournament-Pack-1/Blue-Eyes-White-Dragon,Speed Duel Tournament Pack 1,Blue Eyes White Dragon,,,,,,,priced,1350,13.50,93,versions|search,no,,,,2026-08-04
/en/YuGiOh/Products/Singles/Spell-of-Mask/Blue-Eyes-White-Dragon,https://www.cardmarket.com/en/YuGiOh/Products/Singles/Spell-of-Mask/Blue-Eyes-White-Dragon,Spell of Mask,Blue Eyes White Dragon,,,,,,,priced,125000,1250.00,6,versions|search,no,,,,2026-08-04
/en/YuGiOh/Products/Singles/Starter-Box/Blue-Eyes-White-Dragon,https://www.cardmarket.com/en/YuGiOh/Products/Singles/Starter-Box/Blue-Eyes-White-Dragon,Starter Box,Blue Eyes White Dragon,,,,,,,priced,3750,37.50,20,versions,no,,,,2026-08-04
/en/YuGiOh/Products/Singles/Starter-Deck-Kaiba-BIK/Blue-Eyes-White-Dragon,https://www.cardmarket.com/en/YuGiOh/Products/Singles/Starter-Deck-Kaiba-BIK/Blue-Eyes-White-Dragon,Starter Deck Kaiba BIK,Blue Eyes White Dragon,,,,,,,priced,250,2.50,129,versions|search,no,,,,2026-08-04
/en/YuGiOh/Products/Singles/Starter-Deck-Kaiba-DDK/Blue-Eyes-White-Dragon-V1-Ultra-Rare,https://www.cardmarket.com/en/YuGiOh/Products/Singles/Starter-Deck-Kaiba-DDK/Blue-Eyes-White-Dragon-V1-Ultra-Rare,Starter Deck Kaiba DDK,Blue Eyes White Dragon V1 Ultra Rare,V1,Ultra Rare,,,,,priced,60,0.60,221,versions|search,no,,,,2026-08-04
/en/YuGiOh/Products/Singles/Starter-Deck-Kaiba-DDK/Blue-Eyes-White-Dragon-V2-Ultra-Rare,https://www.cardmarket.com/en/YuGiOh/Products/Singles/Starter-Deck-Kaiba-DDK/Blue-Eyes-White-Dragon-V2-Ultra-Rare,Starter Deck Kaiba DDK,Blue Eyes White Dragon V2 Ultra Rare,V2,Ultra Rare,,,,,priced,389,3.89,65,versions|search,no,,,,2026-08-04
/en/YuGiOh/Products/Singles/Starter-Deck-Kaiba-DIK/Blue-Eyes-White-Dragon,https://www.cardmarket.com/en/YuGiOh/Products/Singles/Starter-Deck-Kaiba-DIK/Blue-Eyes-White-Dragon,Starter Deck Kaiba DIK,Blue Eyes White Dragon,,,,,,,priced,350,3.50,43,versions|search,no,,,,2026-08-04
/en/YuGiOh/Products/Singles/Starter-Deck-Kaiba-Evolution/Blue-Eyes-White-Dragon,https://www.cardmarket.com/en/YuGiOh/Products/Singles/Starter-Deck-Kaiba-Evolution/Blue-Eyes-White-Dragon,Starter Deck Kaiba Evolution,Blue Eyes White Dragon,,,,,,,priced,5,0.05,1189,versions|search,no,,,,2026-08-04
/en/YuGiOh/Products/Singles/Starter-Deck-Kaiba-MIK/Blue-Eyes-White-Dragon,https://www.cardmarket.com/en/YuGiOh/Products/Singles/Starter-Deck-Kaiba-MIK/Blue-Eyes-White-Dragon,Starter Deck Kaiba MIK,Blue Eyes White Dragon,,,,,,,priced,50,0.50,332,versions|search,no,,,,2026-08-04
/en/YuGiOh/Products/Singles/Starter-Deck-Kaiba-Reloaded/Blue-Eyes-White-Dragon-V-1,https://www.cardmarket.com/en/YuGiOh/Products/Singles/Starter-Deck-Kaiba-Reloaded/Blue-Eyes-White-Dragon-V-1,Starter Deck Kaiba Reloaded,Blue Eyes White Dragon V 1,V1,,,,,,priced,2,0.02,604,versions|search,no,,,,2026-08-04
/en/YuGiOh/Products/Singles/Starter-Deck-Kaiba-Reloaded/Blue-Eyes-White-Dragon-V-2,https://www.cardmarket.com/en/YuGiOh/Products/Singles/Starter-Deck-Kaiba-Reloaded/Blue-Eyes-White-Dragon-V-2,Starter Deck Kaiba Reloaded,Blue Eyes White Dragon V 2,V2,,,,,,priced,99,0.99,868,versions|search,no,,,,2026-08-04
/en/YuGiOh/Products/Singles/Starter-Deck-Kaiba/Blue-Eyes-White-Dragon-V1-Ultra-Rare,https://www.cardmarket.com/en/YuGiOh/Products/Singles/Starter-Deck-Kaiba/Blue-Eyes-White-Dragon-V1-Ultra-Rare,Starter Deck Kaiba,Blue Eyes White Dragon V1 Ultra Rare,V1,Ultra Rare,,,,,priced,60,0.60,919,versions|search,no,,,,2026-08-04
/en/YuGiOh/Products/Singles/Starter-Deck-Kaiba/Blue-Eyes-White-Dragon-V2-Ultra-Rare,https://www.cardmarket.com/en/YuGiOh/Products/Singles/Starter-Deck-Kaiba/Blue-Eyes-White-Dragon-V2-Ultra-Rare,Starter Deck Kaiba,Blue Eyes White Dragon V2 Ultra Rare,V2,Ultra Rare,,,,,priced,50,0.50,223,versions|search,no,,,,2026-08-04
/en/YuGiOh/Products/Singles/Starter-Deck-Kaiba/Blue-Eyes-White-Dragon-V3-Ultra-Rare,https://www.cardmarket.com/en/YuGiOh/Products/Singles/Starter-Deck-Kaiba/Blue-Eyes-White-Dragon-V3-Ultra-Rare,Starter Deck Kaiba,Blue Eyes White Dragon V3 Ultra Rare,V3,Ultra Rare,,,,,priced,2000,20.00,8,versions|search,no,,,,2026-08-04
/en/YuGiOh/Products/Singles/Structure-Deck-Advent-of-the-Eyes-of-Blue/Blue-Eyes-White-Dragon-V1-Common,https://www.cardmarket.com/en/YuGiOh/Products/Singles/Structure-Deck-Advent-of-the-Eyes-of-Blue/Blue-Eyes-White-Dragon-V1-Common,Structure Deck Advent of the Eyes of Blue,Blue Eyes White Dragon V1 Common,V1,Common,,,,,priced,38,0.38,7,versions,no,,,,2026-08-04
/en/YuGiOh/Products/Singles/Structure-Deck-Advent-of-the-Eyes-of-Blue/Blue-Eyes-White-Dragon-V2-Common,https://www.cardmarket.com/en/YuGiOh/Products/Singles/Structure-Deck-Advent-of-the-Eyes-of-Blue/Blue-Eyes-White-Dragon-V2-Common,Structure Deck Advent of the Eyes of Blue,Blue Eyes White Dragon V2 Common,V2,Common,,,,,priced,50,0.50,6,versions,no,,,,2026-08-04
/en/YuGiOh/Products/Singles/Structure-Deck-Advent-of-the-Eyes-of-Blue/Blue-Eyes-White-Dragon-V3-Common,https://www.cardmarket.com/en/YuGiOh/Products/Singles/Structure-Deck-Advent-of-the-Eyes-of-Blue/Blue-Eyes-White-Dragon-V3-Common,Structure Deck Advent of the Eyes of Blue,Blue Eyes White Dragon V3 Common,V3,Common,,,,,priced,20,0.20,9,versions,no,,,,2026-08-04
/en/YuGiOh/Products/Singles/Structure-Deck-Blue-Eyes-White-Destiny/Blue-Eyes-White-Dragon-V1-Common,https://www.cardmarket.com/en/YuGiOh/Products/Singles/Structure-Deck-Blue-Eyes-White-Destiny/Blue-Eyes-White-Dragon-V1-Common,Structure Deck Blue Eyes White Destiny,Blue Eyes White Dragon V1 Common,V1,Common,,,,,priced,2,0.02,11995,versions|search,no,,,,2026-08-04
/en/YuGiOh/Products/Singles/Structure-Deck-Blue-Eyes-White-Destiny/Blue-Eyes-White-Dragon-V2-Common,https://www.cardmarket.com/en/YuGiOh/Products/Singles/Structure-Deck-Blue-Eyes-White-Destiny/Blue-Eyes-White-Dragon-V2-Common,Structure Deck Blue Eyes White Destiny,Blue Eyes White Dragon V2 Common,V2,Common,,,,,priced,2,0.02,11910,versions|search,no,,,,2026-08-04
/en/YuGiOh/Products/Singles/Structure-Deck-Blue-Eyes-White-Destiny/Blue-Eyes-White-Dragon-V3-Common,https://www.cardmarket.com/en/YuGiOh/Products/Singles/Structure-Deck-Blue-Eyes-White-Destiny/Blue-Eyes-White-Dragon-V3-Common,Structure Deck Blue Eyes White Destiny,Blue Eyes White Dragon V3 Common,V3,Common,,,,,priced,2,0.02,11500,versions|search,no,,,,2026-08-04
/en/YuGiOh/Products/Singles/Structure-Deck-Dragonic-Legion/Blue-Eyes-White-Dragon,https://www.cardmarket.com/en/YuGiOh/Products/Singles/Structure-Deck-Dragonic-Legion/Blue-Eyes-White-Dragon,Structure Deck Dragonic Legion,Blue Eyes White Dragon,,,,,,,priced,79,0.79,14,versions,no,,,,2026-08-04
/en/YuGiOh/Products/Singles/Structure-Deck-Dragons-Collide/Blue-Eyes-White-Dragon,https://www.cardmarket.com/en/YuGiOh/Products/Singles/Structure-Deck-Dragons-Collide/Blue-Eyes-White-Dragon,Structure Deck Dragons Collide,Blue Eyes White Dragon,,,,,,,priced,2,0.02,375,versions|search,no,,,,2026-08-04
/en/YuGiOh/Products/Singles/Structure-Deck-Kaiba-Japanese/Blue-Eyes-White-Dragon-V1-Common,https://www.cardmarket.com/en/YuGiOh/Products/Singles/Structure-Deck-Kaiba-Japanese/Blue-Eyes-White-Dragon-V1-Common,Structure Deck Kaiba Japanese,Blue Eyes White Dragon V1 Common,V1,Common,,,,,priced,199,1.99,11,versions,no,,,,2026-08-04
/en/YuGiOh/Products/Singles/Structure-Deck-Kaiba-Japanese/Blue-Eyes-White-Dragon-V2-Common,https://www.cardmarket.com/en/YuGiOh/Products/Singles/Structure-Deck-Kaiba-Japanese/Blue-Eyes-White-Dragon-V2-Common,Structure Deck Kaiba Japanese,Blue Eyes White Dragon V2 Common,V2,Common,,,,,priced,500,5.00,3,versions|search,no,,,,2026-08-04
/en/YuGiOh/Products/Singles/Structure-Deck-Kaiba-Japanese/Blue-Eyes-White-Dragon-V3-Common,https://www.cardmarket.com/en/YuGiOh/Products/Singles/Structure-Deck-Kaiba-Japanese/Blue-Eyes-White-Dragon-V3-Common,Structure Deck Kaiba Japanese,Blue Eyes White Dragon V3 Common,V3,Common,,,,,priced,995,9.95,13,versions|search,no,,,,2026-08-04
/en/YuGiOh/Products/Singles/Structure-Deck-Kaiba-Volume-2/Blue-Eyes-White-Dragon,https://www.cardmarket.com/en/YuGiOh/Products/Singles/Structure-Deck-Kaiba-Volume-2/Blue-Eyes-White-Dragon,Structure Deck Kaiba Volume 2,Blue Eyes White Dragon,,,,,,,priced,100,1.00,38,versions,no,,,,2026-08-04
/en/YuGiOh/Products/Singles/Structure-Deck-Saga-of-BlueEyes-White-Dragon/Blue-Eyes-White-Dragon,https://www.cardmarket.com/en/YuGiOh/Products/Singles/Structure-Deck-Saga-of-BlueEyes-White-Dragon/Blue-Eyes-White-Dragon,Structure Deck Saga of BlueEyes White Dragon,Blue Eyes White Dragon,,,,,,,priced,2,0.02,1074,versions|search,no,,,,2026-08-04
/en/YuGiOh/Products/Singles/Structure-Deck-Seto-Kaiba-OCG/Blue-Eyes-White-Dragon,https://www.cardmarket.com/en/YuGiOh/Products/Singles/Structure-Deck-Seto-Kaiba-OCG/Blue-Eyes-White-Dragon,Structure Deck Seto Kaiba OCG,Blue Eyes White Dragon,,,,,,,priced,1000,10.00,3,versions,no,,,,2026-08-04
/en/YuGiOh/Products/Singles/Structure-Deck-Seto-Kaiba/Blue-Eyes-White-Dragon,https://www.cardmarket.com/en/YuGiOh/Products/Singles/Structure-Deck-Seto-Kaiba/Blue-Eyes-White-Dragon,Structure Deck Seto Kaiba,Blue Eyes White Dragon,,,,,,,priced,2,0.02,334,versions|search,no,,,,2026-08-04
/en/YuGiOh/Products/Singles/Structure-Deck-The-Blue-Eyed-Dragons-Thundering-Descent/Blue-Eyes-White-Dragon,https://www.cardmarket.com/en/YuGiOh/Products/Singles/Structure-Deck-The-Blue-Eyed-Dragons-Thundering-Descent/Blue-Eyes-White-Dragon,Structure Deck The Blue Eyed Dragons Thundering Descent,Blue Eyes White Dragon,,,,,,,priced,95,0.95,37,versions,no,,,,2026-08-04
/en/YuGiOh/Products/Singles/The-Dark-Side-of-Dimensions-Movie-Pack/Blue-Eyes-White-Dragon-V-1,https://www.cardmarket.com/en/YuGiOh/Products/Singles/The-Dark-Side-of-Dimensions-Movie-Pack/Blue-Eyes-White-Dragon-V-1,The Dark Side of Dimensions Movie Pack,Blue Eyes White Dragon V 1,V1,,,,,,priced,100,1.00,438,versions|search,no,,,,2026-08-04
/en/YuGiOh/Products/Singles/The-Dark-Side-of-Dimensions-Movie-Pack/Blue-Eyes-White-Dragon-V-2,https://www.cardmarket.com/en/YuGiOh/Products/Singles/The-Dark-Side-of-Dimensions-Movie-Pack/Blue-Eyes-White-Dragon-V-2,The Dark Side of Dimensions Movie Pack,Blue Eyes White Dragon V 2,V2,,,,,,priced,75,0.75,583,versions|search,no,,,,2026-08-04
/en/YuGiOh/Products/Singles/The-Dark-Side-of-Dimensions-Movie-Pack/Blue-Eyes-White-Dragon-V-3,https://www.cardmarket.com/en/YuGiOh/Products/Singles/The-Dark-Side-of-Dimensions-Movie-Pack/Blue-Eyes-White-Dragon-V-3,The Dark Side of Dimensions Movie Pack,Blue Eyes White Dragon V 3,V3,,,,,,priced,100,1.00,922,versions|search,no,,,,2026-08-04
/en/YuGiOh/Products/Singles/The-Dark-Side-of-Dimensions-Movie-Pack/Blue-Eyes-White-Dragon-V-4-Ultra-Rare,https://www.cardmarket.com/en/YuGiOh/Products/Singles/The-Dark-Side-of-Dimensions-Movie-Pack/Blue-Eyes-White-Dragon-V-4-Ultra-Rare,The Dark Side of Dimensions Movie Pack,Blue Eyes White Dragon V 4 Ultra Rare,V4,Ultra Rare,,,,,priced,700,7.00,22,versions|search,no,,,,2026-08-04
/en/YuGiOh/Products/Singles/The-Dark-Side-of-Dimensions-Movie-Pack/Blue-Eyes-White-Dragon-V5-Secret-Rare,https://www.cardmarket.com/en/YuGiOh/Products/Singles/The-Dark-Side-of-Dimensions-Movie-Pack/Blue-Eyes-White-Dragon-V5-Secret-Rare,The Dark Side of Dimensions Movie Pack,Blue Eyes White Dragon V5 Secret Rare,V5,Secret Rare,,,,,priced,189,1.89,322,versions|search,no,,,,2026-08-04
/en/YuGiOh/Products/Singles/The-Dark-Side-of-Dimensions-Movie-Pack/Blue-Eyes-White-Dragon-V6-Ultra-Rare,https://www.cardmarket.com/en/YuGiOh/Products/Singles/The-Dark-Side-of-Dimensions-Movie-Pack/Blue-Eyes-White-Dragon-V6-Ultra-Rare,The Dark Side of Dimensions Movie Pack,Blue Eyes White Dragon V6 Ultra Rare,V6,Ultra Rare,,,,,priced,50,0.50,599,versions|search,no,,,,2026-08-04
/en/YuGiOh/Products/Singles/The-Rarity-Collection/Blue-Eyes-White-Dragon,https://www.cardmarket.com/en/YuGiOh/Products/Singles/The-Rarity-Collection/Blue-Eyes-White-Dragon,The Rarity Collection,Blue Eyes White Dragon,,,,,,,priced,15000,150.00,11,versions,no,,,,2026-08-04
/en/YuGiOh/Products/Singles/V-Jump-Promotional-Cards-OCG/Blue-Eyes-White-Dragon,https://www.cardmarket.com/en/YuGiOh/Products/Singles/V-Jump-Promotional-Cards-OCG/Blue-Eyes-White-Dragon,V Jump Promotional Cards OCG,Blue Eyes White Dragon,,,,,,,priced,2500,25.00,21,versions|search,no,,,,2026-08-04
/en/YuGiOh/Products/Singles/World-Championship-Celebration-Promos/Blue-Eyes-White-Dragon,https://www.cardmarket.com/en/YuGiOh/Products/Singles/World-Championship-Celebration-Promos/Blue-Eyes-White-Dragon,World Championship Celebration Promos,Blue Eyes White Dragon,V2,,,,,,priced,99900,999.00,9,versions|search,no,,,,2026-08-04
/en/YuGiOh/Products/Singles/World-Championship-Celebration-Promos/Blue-Eyes-White-Dragon-V1-Special,https://www.cardmarket.com/en/YuGiOh/Products/Singles/World-Championship-Celebration-Promos/Blue-Eyes-White-Dragon-V1-Special,World Championship Celebration Promos,Blue Eyes White Dragon V1 Special,V1,,,,,,priced,10000,100.00,12,versions|search,no,,,,2026-08-04
/en/YuGiOh/Products/Singles/Yu-Gi-Oh-Championship-Prize-Cards-2025/Blue-Eyes-White-Dragon-V1-Rare,https://www.cardmarket.com/en/YuGiOh/Products/Singles/Yu-Gi-Oh-Championship-Prize-Cards-2025/Blue-Eyes-White-Dragon-V1-Rare,Yu Gi Oh Championship Prize Cards 2025,Blue Eyes White Dragon V1 Rare,V1,Rare,,,,,priced,23995,239.95,15,versions,no,,,,2026-08-04
/en/YuGiOh/Products/Singles/Yu-Gi-Oh-Championship-Prize-Cards-2025/Blue-Eyes-White-Dragon-V2-Rare,https://www.cardmarket.com/en/YuGiOh/Products/Singles/Yu-Gi-Oh-Championship-Prize-Cards-2025/Blue-Eyes-White-Dragon-V2-Rare,Yu Gi Oh Championship Prize Cards 2025,Blue Eyes White Dragon V2 Rare,V2,Rare,,,,,priced,13999,139.99,13,versions|search,no,,,,2026-08-04
