expansion,product_label,version,rarity,from_eur,from_cents,available_count,public_product_path,source_date
2016 MegaTins,Blue Eyes White Dragon,,,4.99,499,265,/en/YuGiOh/Products/Singles/2016-MegaTins/Blue-Eyes-White-Dragon,2026-08-04
2017 MegaTins,Blue Eyes White Dragon,,,0.60,60,1026,/en/YuGiOh/Products/Singles/2017-MegaTins/Blue-Eyes-White-Dragon,2026-08-04
2022 Ghosts From the Past,Blue Eyes White Dragon,,,189.90,18990,92,/en/YuGiOh/Products/Singles/2022-Ghosts-From-the-Past/Blue-Eyes-White-Dragon,2026-08-04
2022 Tin of the Pharaohs Gods,Blue Eyes White Dragon,,,3.89,389,547,/en/YuGiOh/Products/Singles/2022-Tin-of-the-Pharaohs-Gods/Blue-Eyes-White-Dragon,2026-08-04
20th Anniversary Duelist Box,Blue Eyes White Dragon,,,97.49,9749,14,/en/YuGiOh/Products/Singles/20th-Anniversary-Duelist-Box/Blue-Eyes-White-Dragon,2026-08-04
20th Anniversary Legend Collection,Blue Eyes White Dragon V1 Ultra Rare,V1,Ultra Rare,2.00,200,31,/en/YuGiOh/Products/Singles/20th-Anniversary-Legend-Collection/Blue-Eyes-White-Dragon-V1-Ultra-Rare,2026-08-04
20th Anniversary Legend Collection,Blue Eyes White Dragon V2 Secret Rare,V2,Secret Rare,9.99,999,14,/en/YuGiOh/Products/Singles/20th-Anniversary-Legend-Collection/Blue-Eyes-White-Dragon-V2-Secret-Rare,2026-08-04
20th Anniversary Pack 1st Wave,Blue Eyes White Dragon,,,68.00,6800,25,/en/YuGiOh/Products/Singles/20th-Anniversary-Pack-1st-Wave/Blue-Eyes-White-Dragon,2026-08-04
20th Secret Rare Special Pack,Blue Eyes White Dragon,,Secret Rare,190.00,19000,7,/en/YuGiOh/Products/Singles/20th-Secret-Rare-Special-Pack/Blue-Eyes-White-Dragon,2026-08-04
25th Anniversary Tin Dueling Mirrors,Blue Eyes White Dragon,,,17.99,1799,804,/en/YuGiOh/Products/Singles/25th-Anniversary-Tin-Dueling-Mirrors/Blue-Eyes-White-Dragon,2026-08-04
25th Anniversary Ukiyo e Style Limited OCG Card Set,Blue Eyes White Dragon,,,260.00,26000,24,/en/YuGiOh/Products/Singles/25th-Anniversary-Ukiyo-e-Style-Limited-OCG-Card-Set/Blue-Eyes-White-Dragon,2026-08-04
25th Anniversary Ultimate Kaiba Set,Blue Eyes White Dragon V1 Ultra Rare,V1,Ultra Rare,4.95,495,18,/en/YuGiOh/Products/Singles/25th-Anniversary-Ultimate-Kaiba-Set/Blue-Eyes-White-Dragon-V1-Ultra-Rare,2026-08-04
25th Anniversary Ultimate Kaiba Set,Blue Eyes White Dragon V2 Quarter Century Secret Rare,V2,Quarter Century Secret Rare,279.00,27900,13,/en/YuGiOh/Products/Singles/25th-Anniversary-Ultimate-Kaiba-Set/Blue-Eyes-White-Dragon-V2-Quarter-Century-Secret-Rare,2026-08-04
25th Anniversary Ultimate Kaiba Set,Blue Eyes White Dragon V3 Secret Rare,V3,Secret Rare,119.94,11994,22,/en/YuGiOh/Products/Singles/25th-Anniversary-Ultimate-Kaiba-Set/Blue-Eyes-White-Dragon-V3-Secret-Rare,2026-08-04
7 Eleven Collaboration Campaign,Blue Eyes White Dragon,,,11.95,1195,38,/en/YuGiOh/Products/Singles/7-Eleven-Collaboration-Campaign/Blue-Eyes-White-Dragon,2026-08-04
Animation Chronicle 2022,Blue Eyes White Dragon,,,185.00,18500,16,/en/YuGiOh/Products/Singles/Animation-Chronicle-2022/Blue-Eyes-White-Dragon,2026-08-04
Anniversary Pack,Blue Eyes White Dragon,,,4.90,490,203,/en/YuGiOh/Products/Singles/Anniversary-Pack/Blue-Eyes-White-Dragon,2026-08-04
Banzai Promos,Blue Eyes White Dragon,,,0.05,5,217,/en/YuGiOh/Products/Singles/Banzai-Promos/Blue-Eyes-White-Dragon,2026-08-04
Battles of Legend Monster Mayhem,Blue Eyes White Dragon V1 Secret Rare,V1,Secret Rare,5.00,500,518,/en/YuGiOh/Products/Singles/Battles-of-Legend-Monster-Mayhem/Blue-Eyes-White-Dragon-V1-Secret-Rare,2026-08-04
Battles of Legend Monster Mayhem,Blue Eyes White Dragon V2 Starlight Rare,V2,Starlight Rare,69.99,6999,54,/en/YuGiOh/Products/Singles/Battles-of-Legend-Monster-Mayhem/Blue-Eyes-White-Dragon-V2-Starlight-Rare,2026-08-04
Beginners Edition 1,Blue Eyes White Dragon,,,9.90,990,5,/en/YuGiOh/Products/Singles/Beginners-Edition-1/Blue-Eyes-White-Dragon,2026-08-04
Beginners Edition 1 2011,Blue Eyes White Dragon,,,13.95,1395,4,/en/YuGiOh/Products/Singles/Beginners-Edition-1-2011/Blue-Eyes-White-Dragon,2026-08-04
Booster Pack Tin,Blue Eyes White Dragon V 1,V1,,12.99,1299,99,/en/YuGiOh/Products/Singles/Booster-Pack-Tin/Blue-Eyes-White-Dragon-V-1,2026-08-04
Booster Pack Tin,Blue Eyes White Dragon V 2,V2,,3.85,385,149,/en/YuGiOh/Products/Singles/Booster-Pack-Tin/Blue-Eyes-White-Dragon-V-2,2026-08-04
Dark Beginning 1,Blue Eyes White Dragon,,,0.79,79,146,/en/YuGiOh/Products/Singles/Dark-Beginning-1/Blue-Eyes-White-Dragon,2026-08-04
Dark Duel Stories,Blue Eyes White Dragon,,,290.00,29000,23,/en/YuGiOh/Products/Singles/Dark-Duel-Stories/Blue-Eyes-White-Dragon,2026-08-04
Dark Legends,Blue Eyes White Dragon,,,4.00,400,29,/en/YuGiOh/Products/Singles/Dark-Legends/Blue-Eyes-White-Dragon,2026-08-04
Duel Overload,Blue Eyes White Dragon,,,0.35,35,864,/en/YuGiOh/Products/Singles/Duel-Overload/Blue-Eyes-White-Dragon,2026-08-04
Duel Royale Deck Set EX,Blue Eyes White Dragon V2 Ultra Rare,V2,Ultra Rare,19.99,1999,3,/en/YuGiOh/Products/Singles/Duel-Royale-Deck-Set-EX/Blue-Eyes-White-Dragon-V2-Ultra-Rare,2026-08-04
Duel Terminal 1,Blue Eyes White Dragon,,,3.00,300,65,/en/YuGiOh/Products/Singles/Duel-Terminal-1/Blue-Eyes-White-Dragon,2026-08-04
Duel Terminal Preview,Blue Eyes White Dragon,,,1999.99,199999,2,/en/YuGiOh/Products/Singles/Duel-Terminal-Preview/Blue-Eyes-White-Dragon,2026-08-04
Duelist League 09,Blue Eyes White Dragon V1 Rare,V1,Rare,9.99,999,118,/en/YuGiOh/Products/Singles/Duelist-League-09/Blue-Eyes-White-Dragon-V1-Rare,2026-08-04
Duelist League 09,Blue Eyes White Dragon V2 Rare,V2,Rare,10.00,1000,101,/en/YuGiOh/Products/Singles/Duelist-League-09/Blue-Eyes-White-Dragon-V2-Rare,2026-08-04
Duelist League 09,Blue Eyes White Dragon V3 Rare,V3,Rare,6.00,600,130,/en/YuGiOh/Products/Singles/Duelist-League-09/Blue-Eyes-White-Dragon-V3-Rare,2026-08-04
Duelist League 09,Blue Eyes White Dragon V4 Rare,V4,Rare,10.00,1000,108,/en/YuGiOh/Products/Singles/Duelist-League-09/Blue-Eyes-White-Dragon-V4-Rare,2026-08-04
Duelist League Series 1,Blue Eyes White Dragon,,,1.00,100,158,/en/YuGiOh/Products/Singles/Duelist-League-Series-1/Blue-Eyes-White-Dragon,2026-08-04
Duelist Legacy Volume 2,Blue Eyes White Dragon V1 Ultra Rare,V1,Ultra Rare,5.00,500,16,/en/YuGiOh/Products/Singles/Duelist-Legacy-Volume-2/Blue-Eyes-White-Dragon-V1-Ultra-Rare,2026-08-04
Duelist Legacy Volume 2,Blue Eyes White Dragon V2 Ultra Parallel Rare,V2,Rare,12.00,1200,9,/en/YuGiOh/Products/Singles/Duelist-Legacy-Volume-2/Blue-Eyes-White-Dragon-V2-Ultra-Parallel-Rare,2026-08-04
Duelist of the Roses,Blue Eyes White Dragon,,,77.11,7711,51,/en/YuGiOh/Products/Singles/Duelist-of-the-Roses/Blue-Eyes-White-Dragon,2026-08-04
Duelist Pack Battle City,Blue Eyes White Dragon,,,0.70,70,404,/en/YuGiOh/Products/Singles/Duelist-Pack-Battle-City/Blue-Eyes-White-Dragon,2026-08-04
Duelist Pack Battle City Japanese,Blue Eyes White Dragon,,,4.99,499,7,/en/YuGiOh/Products/Singles/Duelist-Pack-Battle-City-Japanese/Blue-Eyes-White-Dragon,2026-08-04
Duelist Pack Kaiba,Blue Eyes White Dragon V1 Super Rare,V1,Super Rare,1.00,100,202,/en/YuGiOh/Products/Singles/Duelist-Pack-Kaiba/Blue-Eyes-White-Dragon-V1-Super-Rare,2026-08-04
Duelist Pack Kaiba,Blue Eyes White Dragon V2 Super Rare,V2,Super Rare,12.50,1250,101,/en/YuGiOh/Products/Singles/Duelist-Pack-Kaiba/Blue-Eyes-White-Dragon-V2-Super-Rare,2026-08-04
Duelist Pack Legend Duelist 3,Blue Eyes White Dragon,,,0.70,70,28,/en/YuGiOh/Products/Singles/Duelist-Pack-Legend-Duelist-3/Blue-Eyes-White-Dragon,2026-08-04
Duelist Road Piece of Memory Side Yami Yugi,Blue Eyes White Dragon V1 Parallel Rare,V1,Rare,6.00,600,23,/en/YuGiOh/Products/Singles/Duelist-Road-Piece-of-Memory-Side-Yami-Yugi/Blue-Eyes-White-Dragon-V1-Parallel-Rare,2026-08-04
Duelist Road Piece of Memory Side Yami Yugi,Blue Eyes White Dragon V2 Secret Rare,V2,Secret Rare,17.50,1750,37,/en/YuGiOh/Products/Singles/Duelist-Road-Piece-of-Memory-Side-Yami-Yugi/Blue-Eyes-White-Dragon-V2-Secret-Rare,2026-08-04
Duelist Saga,Blue Eyes White Dragon,,,6.00,600,372,/en/YuGiOh/Products/Singles/Duelist-Saga/Blue-Eyes-White-Dragon,2026-08-04
EX R Starter Box,Blue Eyes White Dragon,,,2.90,290,52,/en/YuGiOh/Products/Singles/EX-R-Starter-Box/Blue-Eyes-White-Dragon,2026-08-04
EX Starter Box,Blue Eyes White Dragon,,,2.45,245,104,/en/YuGiOh/Products/Singles/EX-Starter-Box/Blue-Eyes-White-Dragon,2026-08-04
Forbidden Legacy 1,Blue Eyes White Dragon,,,6.99,699,95,/en/YuGiOh/Products/Singles/Forbidden-Legacy-1/Blue-Eyes-White-Dragon,2026-08-04
Gold Series 5 Haunted Mine,Blue Eyes White Dragon,,,30.00,3000,237,/en/YuGiOh/Products/Singles/Gold-Series-5-Haunted-Mine/Blue-Eyes-White-Dragon,2026-08-04
Hidden Arsenal Chapter 1,Blue Eyes White Dragon,,,0.08,8,2391,/en/YuGiOh/Products/Singles/Hidden-Arsenal-Chapter-1/Blue-Eyes-White-Dragon,2026-08-04
History Archive Collection,Blue Eyes White Dragon,,,19.90,1990,19,/en/YuGiOh/Products/Singles/History-Archive-Collection/Blue-Eyes-White-Dragon,2026-08-04
Jump Ryu Vol08 Promotional Card,Blue Eyes White Dragon,,,147.00,14700,17,/en/YuGiOh/Products/Singles/Jump-Ryu-Vol08-Promotional-Card/Blue-Eyes-White-Dragon,2026-08-04
Kaibas Collector Box,Blue Eyes White Dragon V 1,V1,,0.60,60,413,/en/YuGiOh/Products/Singles/Kaibas-Collector-Box/Blue-Eyes-White-Dragon-V-1,2026-08-04
Kaibas Collector Box,Blue Eyes White Dragon V 2,V2,,40.00,4000,6,/en/YuGiOh/Products/Singles/Kaibas-Collector-Box/Blue-Eyes-White-Dragon-V-2,2026-08-04
Legend of Blue Eyes White Dragon,Blue Eyes White Dragon V1 Ultra Rare,V1,Ultra Rare,4.56,456,248,/en/YuGiOh/Products/Singles/Legend-of-Blue-Eyes-White-Dragon/Blue-Eyes-White-Dragon-V1-Ultra-Rare,2026-08-04
Legend of Blue Eyes White Dragon,Blue Eyes White Dragon V2 Ultra Rare,V2,Ultra Rare,9.99,999,91,/en/YuGiOh/Products/Singles/Legend-of-Blue-Eyes-White-Dragon/Blue-Eyes-White-Dragon-V2-Ultra-Rare,2026-08-04
Legend of Blue Eyes White Dragon,Blue Eyes White Dragon V3 Secret Rare,V3,Secret Rare,50.00,5000,3,/en/YuGiOh/Products/Singles/Legend-of-Blue-Eyes-White-Dragon/Blue-Eyes-White-Dragon-V3-Secret-Rare,2026-08-04
Legend of Blue Eyes White Dragon,Blue Eyes White Dragon V4 Ultra Rare,V4,Ultra Rare,37.98,3798,7,/en/YuGiOh/Products/Singles/Legend-of-Blue-Eyes-White-Dragon/Blue-Eyes-White-Dragon-V4-Ultra-Rare,2026-08-04
Legend of Blue Eyes White Dragon 25th Anniversary Edition,Blue Eyes White Dragon,,,21.90,2190,172,/en/YuGiOh/Products/Singles/Legend-of-Blue-Eyes-White-Dragon-25th-Anniversary-Edition/Blue-Eyes-White-Dragon,2026-08-04
Legend of Blue Eyes White Dragon Japanese,Blue Eyes White Dragon,,,19.99,1999,41,/en/YuGiOh/Products/Singles/Legend-of-Blue-Eyes-White-Dragon-Japanese/Blue-Eyes-White-Dragon,2026-08-04
Legend of Blue Eyes White Dragon Korean,Blue Eyes White Dragon,,,8.60,860,40,/en/YuGiOh/Products/Singles/Legend-of-Blue-Eyes-White-Dragon-Korean/Blue-Eyes-White-Dragon,2026-08-04
Legend of Blue Eyes White Dragon LDB,Blue Eyes White Dragon,,,50.00,5000,21,/en/YuGiOh/Products/Singles/Legend-of-Blue-Eyes-White-Dragon-LDB/Blue-Eyes-White-Dragon,2026-08-04
Legend of Blue Eyes White Dragon LDD,Blue Eyes White Dragon V1 Ultra Rare,V1,Ultra Rare,12.00,1200,134,/en/YuGiOh/Products/Singles/Legend-of-Blue-Eyes-White-Dragon-LDD/Blue-Eyes-White-Dragon-V1-Ultra-Rare,2026-08-04
Legend of Blue Eyes White Dragon LDD,Blue Eyes White Dragon V2 Ultra Rare,V2,Ultra Rare,9.00,900,107,/en/YuGiOh/Products/Singles/Legend-of-Blue-Eyes-White-Dragon-LDD/Blue-Eyes-White-Dragon-V2-Ultra-Rare,2026-08-04
Legendary Collection,Blue Eyes White Dragon,,,0.04,4,760,/en/YuGiOh/Products/Singles/Legendary-Collection/Blue-Eyes-White-Dragon,2026-08-04
Legendary Collection 25th Anniversary Edition,Blue Eyes White Dragon V1 Ultra Rare,V1,Ultra Rare,0.10,10,2696,/en/YuGiOh/Products/Singles/Legendary-Collection-25th-Anniversary-Edition/Blue-Eyes-White-Dragon-V1-Ultra-Rare,2026-08-04
Legendary Collection 25th Anniversary Edition,Blue Eyes White Dragon V2 Special,V2,,4.00,400,694,/en/YuGiOh/Products/Singles/Legendary-Collection-25th-Anniversary-Edition/Blue-Eyes-White-Dragon-V2-Special,2026-08-04
Legendary Collection Kaiba Mega Pack,Blue Eyes White Dragon V 1,V1,,0.30,30,1234,/en/YuGiOh/Products/Singles/Legendary-Collection-Kaiba-Mega-Pack/Blue-Eyes-White-Dragon-V-1,2026-08-04
Legendary Collection Kaiba Mega Pack,Blue Eyes White Dragon V 2,V2,,0.50,50,1087,/en/YuGiOh/Products/Singles/Legendary-Collection-Kaiba-Mega-Pack/Blue-Eyes-White-Dragon-V-2,2026-08-04
Legendary Collection Kaiba Mega Pack,Blue Eyes White Dragon V 3,V3,,6.00,600,734,/en/YuGiOh/Products/Singles/Legendary-Collection-Kaiba-Mega-Pack/Blue-Eyes-White-Dragon-V-3,2026-08-04
Legendary Collection Kaiba Mega Pack,Blue Eyes White Dragon V 4,V4,,0.10,10,1136,/en/YuGiOh/Products/Singles/Legendary-Collection-Kaiba-Mega-Pack/Blue-Eyes-White-Dragon-V-4,2026-08-04
Legendary Decks II,Blue Eyes White Dragon V 1,V1,,0.02,2,445,/en/YuGiOh/Products/Singles/Legendary-Decks-II/Blue-Eyes-White-Dragon-V-1,2026-08-04
Legendary Decks II,Blue Eyes White Dragon V 2,V2,,0.02,2,2018,/en/YuGiOh/Products/Singles/Legendary-Decks-II/Blue-Eyes-White-Dragon-V-2,2026-08-04
Legendary Decks II,Blue Eyes White Dragon V 3,V3,,0.02,2,1837,/en/YuGiOh/Products/Singles/Legendary-Decks-II/Blue-Eyes-White-Dragon-V-3,2026-08-04
Legendary Duelists Season 2,Blue Eyes White Dragon V1 Ultra Rare,V1,Ultra Rare,0.85,85,331,/en/YuGiOh/Products/Singles/Legendary-Duelists-Season-2/Blue-Eyes-White-Dragon-V1-Ultra-Rare,2026-08-04
Legendary Duelists Season 2,Blue Eyes White Dragon V2 Ultra Rare,V2,Ultra Rare,1.49,149,151,/en/YuGiOh/Products/Singles/Legendary-Duelists-Season-2/Blue-Eyes-White-Dragon-V2-Ultra-Rare,2026-08-04
Legendary Duelists Season 2,Blue Eyes White Dragon V3 Ultra Rare,V3,Ultra Rare,0.75,75,213,/en/YuGiOh/Products/Singles/Legendary-Duelists-Season-2/Blue-Eyes-White-Dragon-V3-Ultra-Rare,2026-08-04
Legendary Duelists Season 2,Blue Eyes White Dragon V4 Ultra Rare,V4,Ultra Rare,1.00,100,168,/en/YuGiOh/Products/Singles/Legendary-Duelists-Season-2/Blue-Eyes-White-Dragon-V4-Ultra-Rare,2026-08-04
Legendary Duelists White Dragon Abyss,Blue Eyes White Dragon,,,0.02,2,846,/en/YuGiOh/Products/Singles/Legendary-Duelists-White-Dragon-Abyss/Blue-Eyes-White-Dragon,2026-08-04
Legendary Gold Box,Blue Eyes White Dragon,,,12.90,1290,27,/en/YuGiOh/Products/Singles/Legendary-Gold-Box/Blue-Eyes-White-Dragon,2026-08-04
Limited Pack Stamp Edition,Blue Eyes White Dragon V1 Ultra Rare,V1,Ultra Rare,1.90,190,90,/en/YuGiOh/Products/Singles/Limited-Pack-Stamp-Edition/Blue-Eyes-White-Dragon-V1-Ultra-Rare,2026-08-04
Limited Pack Stamp Edition,Blue Eyes White Dragon V2 Secret Rare,V2,Secret Rare,6.75,675,52,/en/YuGiOh/Products/Singles/Limited-Pack-Stamp-Edition/Blue-Eyes-White-Dragon-V2-Secret-Rare,2026-08-04
Limited Pack Stamp Edition,Blue Eyes White Dragon V3 Starlight Rare,V3,Starlight Rare,300.00,30000,4,/en/YuGiOh/Products/Singles/Limited-Pack-Stamp-Edition/Blue-Eyes-White-Dragon-V3-Starlight-Rare,2026-08-04
Magnificent Mavens,Blue Eyes White Dragon V1 Ultra Parallel Rare,V1,Rare,149.66,14966,16,/en/YuGiOh/Products/Singles/Magnificent-Mavens/Blue-Eyes-White-Dragon-V1-Ultra-Parallel-Rare,2026-08-04
Magnificent Mavens,Blue Eyes White Dragon V2 Secret Parallel Rare,V2,Rare,499.00,49900,2,/en/YuGiOh/Products/Singles/Magnificent-Mavens/Blue-Eyes-White-Dragon-V2-Secret-Parallel-Rare,2026-08-04
Maximum Gold,Blue Eyes White Dragon,,,12.99,1299,277,/en/YuGiOh/Products/Singles/Maximum-Gold/Blue-Eyes-White-Dragon,2026-08-04
Maximum Gold El Dorado,Blue Eyes White Dragon,,,0.99,99,876,/en/YuGiOh/Products/Singles/Maximum-Gold-El-Dorado/Blue-Eyes-White-Dragon,2026-08-04
OTS Tournament Pack 28,Blue Eyes White Dragon,,,90.00,9000,146,/en/YuGiOh/Products/Singles/OTS-Tournament-Pack-28/Blue-Eyes-White-Dragon,2026-08-04
Power of Chaos Kaiba the Revenge,Blue Eyes White Dragon,,,1.00,100,283,/en/YuGiOh/Products/Singles/Power-of-Chaos-Kaiba-the-Revenge/Blue-Eyes-White-Dragon,2026-08-04
Premium Gold 2,Blue Eyes White Dragon,,,1.50,150,229,/en/YuGiOh/Products/Singles/Premium-Gold-2/Blue-Eyes-White-Dragon,2026-08-04
Prismatic God Box,Blue Eyes White Dragon V1 Ultra Rare,V1,Ultra Rare,2.00,200,27,/en/YuGiOh/Products/Singles/Prismatic-God-Box/Blue-Eyes-White-Dragon-V1-Ultra-Rare,2026-08-04
Prismatic God Box,Blue Eyes White Dragon V2 Ultimate Rare,V2,Ultimate Rare,29.50,2950,13,/en/YuGiOh/Products/Singles/Prismatic-God-Box/Blue-Eyes-White-Dragon-V2-Ultimate-Rare,2026-08-04
Promos OCG,Blue Eyes White Dragon V1 Quarter Century Secret Rare,V1,Quarter Century Secret Rare,219.00,21900,3,/en/YuGiOh/Products/Singles/Promos-OCG/Blue-Eyes-White-Dragon-V1-Quarter-Century-Secret-Rare,2026-08-04
Promos OCG,Blue Eyes White Dragon V2 Parallel Rare,V2,Rare,18.00,1800,27,/en/YuGiOh/Products/Singles/Promos-OCG/Blue-Eyes-White-Dragon-V2-Parallel-Rare,2026-08-04
Quarter Century Art Collection,Blue Eyes White Dragon V1 Ultra Rare,V1,Ultra Rare,0.30,30,59,/en/YuGiOh/Products/Singles/Quarter-Century-Art-Collection/Blue-Eyes-White-Dragon-V1-Ultra-Rare,2026-08-04
Quarter Century Art Collection,Blue Eyes White Dragon V10 Quarter Century Secret Rare,V10,Quarter Century Secret Rare,159.00,15900,9,/en/YuGiOh/Products/Singles/Quarter-Century-Art-Collection/Blue-Eyes-White-Dragon-V10-Quarter-Century-Secret-Rare,2026-08-04
Quarter Century Art Collection,Blue Eyes White Dragon V2 Secret Rare,V2,Secret Rare,0.50,50,38,/en/YuGiOh/Products/Singles/Quarter-Century-Art-Collection/Blue-Eyes-White-Dragon-V2-Secret-Rare,2026-08-04
Quarter Century Art Collection,Blue Eyes White Dragon V3 Secret Rare,V3,Secret Rare,2.90,290,17,/en/YuGiOh/Products/Singles/Quarter-Century-Art-Collection/Blue-Eyes-White-Dragon-V3-Secret-Rare,2026-08-04
Quarter Century Art Collection,Blue Eyes White Dragon V4 Secret Rare,V4,Secret Rare,2.95,295,30,/en/YuGiOh/Products/Singles/Quarter-Century-Art-Collection/Blue-Eyes-White-Dragon-V4-Secret-Rare,2026-08-04
Quarter Century Art Collection,Blue Eyes White Dragon V5 Secret Rare,V5,Secret Rare,2.40,240,22,/en/YuGiOh/Products/Singles/Quarter-Century-Art-Collection/Blue-Eyes-White-Dragon-V5-Secret-Rare,2026-08-04
Quarter Century Art Collection,Blue Eyes White Dragon V6 Quarter Century Secret Rare,V6,Quarter Century Secret Rare,14.00,1400,19,/en/YuGiOh/Products/Singles/Quarter-Century-Art-Collection/Blue-Eyes-White-Dragon-V6-Quarter-Century-Secret-Rare,2026-08-04
Quarter Century Art Collection,Blue Eyes White Dragon V7 Quarter Century Secret Rare,V7,Quarter Century Secret Rare,20.00,2000,10,/en/YuGiOh/Products/Singles/Quarter-Century-Art-Collection/Blue-Eyes-White-Dragon-V7-Quarter-Century-Secret-Rare,2026-08-04
Quarter Century Art Collection,Blue Eyes White Dragon V8 Quarter Century Secret Rare,V8,Quarter Century Secret Rare,29.99,2999,7,/en/YuGiOh/Products/Singles/Quarter-Century-Art-Collection/Blue-Eyes-White-Dragon-V8-Quarter-Century-Secret-Rare,2026-08-04
Quarter Century Art Collection,Blue Eyes White Dragon V9 Quarter Century Secret Rare,V9,Quarter Century Secret Rare,16.00,1600,11,/en/YuGiOh/Products/Singles/Quarter-Century-Art-Collection/Blue-Eyes-White-Dragon-V9-Quarter-Century-Secret-Rare,2026-08-04
Quarter Century Bonanza,Blue Eyes White Dragon V1 Platinum Secret Rare,V1,Platinum Secret Rare,4.00,400,408,/en/YuGiOh/Products/Singles/Quarter-Century-Bonanza/Blue-Eyes-White-Dragon-V1-Platinum-Secret-Rare,2026-08-04
Quarter Century Bonanza,Blue Eyes White Dragon V2 Quarter Century Secret Rare,V2,Quarter Century Secret Rare,120.00,12000,80,/en/YuGiOh/Products/Singles/Quarter-Century-Bonanza/Blue-Eyes-White-Dragon-V2-Quarter-Century-Secret-Rare,2026-08-04
Quarter Century Chronicle sidePride,Blue Eyes White Dragon V1 Ultra Rare,V1,Ultra Rare,4.98,498,5,/en/YuGiOh/Products/Singles/Quarter-Century-Chronicle-sidePride/Blue-Eyes-White-Dragon-V1-Ultra-Rare,2026-08-04
Quarter Century Chronicle sidePride,Blue Eyes White Dragon V2 Secret Rare,V2,Secret Rare,17.00,1700,18,/en/YuGiOh/Products/Singles/Quarter-Century-Chronicle-sidePride/Blue-Eyes-White-Dragon-V2-Secret-Rare,2026-08-04
Quarter Century Chronicle sidePride,Blue Eyes White Dragon V3 Quarter Century Secret Rare,V3,Quarter Century Secret Rare,310.00,31000,4,/en/YuGiOh/Products/Singles/Quarter-Century-Chronicle-sidePride/Blue-Eyes-White-Dragon-V3-Quarter-Century-Secret-Rare,2026-08-04
Quarter Century Chronicle sidePride,Blue Eyes White Dragon V4 Ultimate Rare,V4,Ultimate Rare,69.95,6995,5,/en/YuGiOh/Products/Singles/Quarter-Century-Chronicle-sidePride/Blue-Eyes-White-Dragon-V4-Ultimate-Rare,2026-08-04
Quarter Century Duelist Box,Blue Eyes White Dragon V1 Ultra Rare,V1,Ultra Rare,0.99,99,19,/en/YuGiOh/Products/Singles/Quarter-Century-Duelist-Box/Blue-Eyes-White-Dragon-V1-Ultra-Rare,2026-08-04
Quarter Century Duelist Box,Blue Eyes White Dragon V2 Secret Rare,V2,Secret Rare,9.00,900,8,/en/YuGiOh/Products/Singles/Quarter-Century-Duelist-Box/Blue-Eyes-White-Dragon-V2-Secret-Rare,2026-08-04
Quarter Century Duelist Box,Blue Eyes White Dragon V3 Quarter Century Secret Rare,V3,Quarter Century Secret Rare,69.90,6990,8,/en/YuGiOh/Products/Singles/Quarter-Century-Duelist-Box/Blue-Eyes-White-Dragon-V3-Quarter-Century-Secret-Rare,2026-08-04
Quarter Century Stampede,Blue Eyes White Dragon V1 Quarter Century Secret Rare,V1,Quarter Century Secret Rare,40.00,4000,151,/en/YuGiOh/Products/Singles/Quarter-Century-Stampede/Blue-Eyes-White-Dragon-V1-Quarter-Century-Secret-Rare,2026-08-04
Quarter Century Stampede,Blue Eyes White Dragon V2 Platinum Secret Rare,V2,Platinum Secret Rare,2.00,200,270,/en/YuGiOh/Products/Singles/Quarter-Century-Stampede/Blue-Eyes-White-Dragon-V2-Platinum-Secret-Rare,2026-08-04
Quarter Century Stampede,Blue Eyes White Dragon V3 Platinum Secret Rare,V3,Platinum Secret Rare,1.90,190,274,/en/YuGiOh/Products/Singles/Quarter-Century-Stampede/Blue-Eyes-White-Dragon-V3-Platinum-Secret-Rare,2026-08-04
Quarter Century Stampede,Blue Eyes White Dragon V4 Quarter Century Secret Rare,V4,Quarter Century Secret Rare,10.50,1050,165,/en/YuGiOh/Products/Singles/Quarter-Century-Stampede/Blue-Eyes-White-Dragon-V4-Quarter-Century-Secret-Rare,2026-08-04
Quarter Century Stampede,Blue Eyes White Dragon V5 Quarter Century Secret Rare,V5,Quarter Century Secret Rare,12.99,1299,195,/en/YuGiOh/Products/Singles/Quarter-Century-Stampede/Blue-Eyes-White-Dragon-V5-Quarter-Century-Secret-Rare,2026-08-04
Rarity Collection 5,Blue Eyes White Dragon V1 Ultra Rare,V1,Ultra Rare,0.99,99,1261,/en/YuGiOh/Products/Singles/Rarity-Collection-5/Blue-Eyes-White-Dragon-V1-Ultra-Rare,2026-08-04
Rarity Collection 5,Blue Eyes White Dragon V2 Starlight Rare,V2,Starlight Rare,13.50,1350,531,/en/YuGiOh/Products/Singles/Rarity-Collection-5/Blue-Eyes-White-Dragon-V2-Starlight-Rare,2026-08-04
Retro Pack,Blue Eyes White Dragon V1 Ultra Rare,V1,Ultra Rare,5.99,599,133,/en/YuGiOh/Products/Singles/Retro-Pack/Blue-Eyes-White-Dragon-V1-Ultra-Rare,2026-08-04
Retro Pack,Blue Eyes White Dragon V2 Ultra Rare,V2,Ultra Rare,13.00,1300,27,/en/YuGiOh/Products/Singles/Retro-Pack/Blue-Eyes-White-Dragon-V2-Ultra-Rare,2026-08-04
Shonen Jump Magazine,Blue Eyes White Dragon V 1,V1,,1.54,154,123,/en/YuGiOh/Products/Singles/Shonen-Jump-Magazine/Blue-Eyes-White-Dragon-V-1,2026-08-04
Shonen Jump Magazine,Blue Eyes White Dragon V2 Ultra Rare,V2,Ultra Rare,5.00,500,54,/en/YuGiOh/Products/Singles/Shonen-Jump-Magazine/Blue-Eyes-White-Dragon-V2-Ultra-Rare,2026-08-04
Shonen Jump Magazine,Blue Eyes White Dragon V3 Ultra Rare,V3,Ultra Rare,69.90,6990,60,/en/YuGiOh/Products/Singles/Shonen-Jump-Magazine/Blue-Eyes-White-Dragon-V3-Ultra-Rare,2026-08-04
Shonen Jump Magazine,Blue Eyes White Dragon V4 Ultra Rare,V4,Ultra Rare,279.99,27999,10,/en/YuGiOh/Products/Singles/Shonen-Jump-Magazine/Blue-Eyes-White-Dragon-V4-Ultra-Rare,2026-08-04
Speed Duel Battle City Box,Blue Eyes White Dragon V1 Common,V1,Common,0.02,2,462,/en/YuGiOh/Products/Singles/Speed-Duel-Battle-City-Box/Blue-Eyes-White-Dragon-V1-Common,2026-08-04
Speed Duel Battle City Box,Blue Eyes White Dragon V2 Secret Rare,V2,Secret Rare,1.29,129,208,/en/YuGiOh/Products/Singles/Speed-Duel-Battle-City-Box/Blue-Eyes-White-Dragon-V2-Secret-Rare,2026-08-04
Speed Duel Battle City Finals,Blue Eyes White Dragon V1 Common,V1,Common,0.02,2,252,/en/YuGiOh/Products/Singles/Speed-Duel-Battle-City-Finals/Blue-Eyes-White-Dragon-V1-Common,2026-08-04
Speed Duel Battle City Finals,Blue Eyes White Dragon V2 Secret Rare,V2,Secret Rare,10.79,1079,71,/en/YuGiOh/Products/Singles/Speed-Duel-Battle-City-Finals/Blue-Eyes-White-Dragon-V2-Secret-Rare,2026-08-04
Speed Duel Starter Decks Duelists of Tomorrow,Blue Eyes White Dragon,,,0.04,4,495,/en/YuGiOh/Products/Singles/Speed-Duel-Starter-Decks-Duelists-of-Tomorrow/Blue-Eyes-White-Dragon,2026-08-04
Speed Duel Tournament Pack 1,Blue Eyes White Dragon,,,13.50,1350,93,/en/YuGiOh/Products/Singles/Speed-Duel-Tournament-Pack-1/Blue-Eyes-White-Dragon,2026-08-04
Spell of Mask,Blue Eyes White Dragon,,,1250.00,125000,6,/en/YuGiOh/Products/Singles/Spell-of-Mask/Blue-Eyes-White-Dragon,2026-08-04
Starter Box,Blue Eyes White Dragon,,,37.50,3750,20,/en/YuGiOh/Products/Singles/Starter-Box/Blue-Eyes-White-Dragon,2026-08-04
Starter Deck Kaiba,Blue Eyes White Dragon V1 Ultra Rare,V1,Ultra Rare,0.60,60,919,/en/YuGiOh/Products/Singles/Starter-Deck-Kaiba/Blue-Eyes-White-Dragon-V1-Ultra-Rare,2026-08-04
Starter Deck Kaiba,Blue Eyes White Dragon V2 Ultra Rare,V2,Ultra Rare,0.50,50,223,/en/YuGiOh/Products/Singles/Starter-Deck-Kaiba/Blue-Eyes-White-Dragon-V2-Ultra-Rare,2026-08-04
Starter Deck Kaiba,Blue Eyes White Dragon V3 Ultra Rare,V3,Ultra Rare,20.00,2000,8,/en/YuGiOh/Products/Singles/Starter-Deck-Kaiba/Blue-Eyes-White-Dragon-V3-Ultra-Rare,2026-08-04
Starter Deck Kaiba BIK,Blue Eyes White Dragon,,,2.50,250,129,/en/YuGiOh/Products/Singles/Starter-Deck-Kaiba-BIK/Blue-Eyes-White-Dragon,2026-08-04
Starter Deck Kaiba DDK,Blue Eyes White Dragon V1 Ultra Rare,V1,Ultra Rare,0.60,60,221,/en/YuGiOh/Products/Singles/Starter-Deck-Kaiba-DDK/Blue-Eyes-White-Dragon-V1-Ultra-Rare,2026-08-04
Starter Deck Kaiba DDK,Blue Eyes White Dragon V2 Ultra Rare,V2,Ultra Rare,3.89,389,65,/en/YuGiOh/Products/Singles/Starter-Deck-Kaiba-DDK/Blue-Eyes-White-Dragon-V2-Ultra-Rare,2026-08-04
Starter Deck Kaiba DIK,Blue Eyes White Dragon,,,3.50,350,43,/en/YuGiOh/Products/Singles/Starter-Deck-Kaiba-DIK/Blue-Eyes-White-Dragon,2026-08-04
Starter Deck Kaiba Evolution,Blue Eyes White Dragon,,,0.05,5,1189,/en/YuGiOh/Products/Singles/Starter-Deck-Kaiba-Evolution/Blue-Eyes-White-Dragon,2026-08-04
Starter Deck Kaiba MIK,Blue Eyes White Dragon,,,0.50,50,332,/en/YuGiOh/Products/Singles/Starter-Deck-Kaiba-MIK/Blue-Eyes-White-Dragon,2026-08-04
Starter Deck Kaiba Reloaded,Blue Eyes White Dragon V 1,V1,,0.02,2,604,/en/YuGiOh/Products/Singles/Starter-Deck-Kaiba-Reloaded/Blue-Eyes-White-Dragon-V-1,2026-08-04
Starter Deck Kaiba Reloaded,Blue Eyes White Dragon V 2,V2,,0.99,99,868,/en/YuGiOh/Products/Singles/Starter-Deck-Kaiba-Reloaded/Blue-Eyes-White-Dragon-V-2,2026-08-04
Structure Deck Advent of the Eyes of Blue,Blue Eyes White Dragon V1 Common,V1,Common,0.38,38,7,/en/YuGiOh/Products/Singles/Structure-Deck-Advent-of-the-Eyes-of-Blue/Blue-Eyes-White-Dragon-V1-Common,2026-08-04
Structure Deck Advent of the Eyes of Blue,Blue Eyes White Dragon V2 Common,V2,Common,0.50,50,6,/en/YuGiOh/Products/Singles/Structure-Deck-Advent-of-the-Eyes-of-Blue/Blue-Eyes-White-Dragon-V2-Common,2026-08-04
Structure Deck Advent of the Eyes of Blue,Blue Eyes White Dragon V3 Common,V3,Common,0.20,20,9,/en/YuGiOh/Products/Singles/Structure-Deck-Advent-of-the-Eyes-of-Blue/Blue-Eyes-White-Dragon-V3-Common,2026-08-04
Structure Deck Blue Eyes White Destiny,Blue Eyes White Dragon V1 Common,V1,Common,0.02,2,11995,/en/YuGiOh/Products/Singles/Structure-Deck-Blue-Eyes-White-Destiny/Blue-Eyes-White-Dragon-V1-Common,2026-08-04
Structure Deck Blue Eyes White Destiny,Blue Eyes White Dragon V2 Common,V2,Common,0.02,2,11910,/en/YuGiOh/Products/Singles/Structure-Deck-Blue-Eyes-White-Destiny/Blue-Eyes-White-Dragon-V2-Common,2026-08-04
Structure Deck Blue Eyes White Destiny,Blue Eyes White Dragon V3 Common,V3,Common,0.02,2,11500,/en/YuGiOh/Products/Singles/Structure-Deck-Blue-Eyes-White-Destiny/Blue-Eyes-White-Dragon-V3-Common,2026-08-04
Structure Deck Dragonic Legion,Blue Eyes White Dragon,,,0.79,79,14,/en/YuGiOh/Products/Singles/Structure-Deck-Dragonic-Legion/Blue-Eyes-White-Dragon,2026-08-04
Structure Deck Dragons Collide,Blue Eyes White Dragon,,,0.02,2,375,/en/YuGiOh/Products/Singles/Structure-Deck-Dragons-Collide/Blue-Eyes-White-Dragon,2026-08-04
Structure Deck Kaiba Japanese,Blue Eyes White Dragon V1 Common,V1,Common,1.99,199,11,/en/YuGiOh/Products/Singles/Structure-Deck-Kaiba-Japanese/Blue-Eyes-White-Dragon-V1-Common,2026-08-04
Structure Deck Kaiba Japanese,Blue Eyes White Dragon V2 Common,V2,Common,5.00,500,3,/en/YuGiOh/Products/Singles/Structure-Deck-Kaiba-Japanese/Blue-Eyes-White-Dragon-V2-Common,2026-08-04
Structure Deck Kaiba Japanese,Blue Eyes White Dragon V3 Common,V3,Common,9.95,995,13,/en/YuGiOh/Products/Singles/Structure-Deck-Kaiba-Japanese/Blue-Eyes-White-Dragon-V3-Common,2026-08-04
Structure Deck Kaiba Volume 2,Blue Eyes White Dragon,,,1.00,100,38,/en/YuGiOh/Products/Singles/Structure-Deck-Kaiba-Volume-2/Blue-Eyes-White-Dragon,2026-08-04
Structure Deck Saga of BlueEyes White Dragon,Blue Eyes White Dragon,,,0.02,2,1074,/en/YuGiOh/Products/Singles/Structure-Deck-Saga-of-BlueEyes-White-Dragon/Blue-Eyes-White-Dragon,2026-08-04
Structure Deck Seto Kaiba,Blue Eyes White Dragon,,,0.02,2,334,/en/YuGiOh/Products/Singles/Structure-Deck-Seto-Kaiba/Blue-Eyes-White-Dragon,2026-08-04
Structure Deck Seto Kaiba OCG,Blue Eyes White Dragon,,,10.00,1000,3,/en/YuGiOh/Products/Singles/Structure-Deck-Seto-Kaiba-OCG/Blue-Eyes-White-Dragon,2026-08-04
Structure Deck The Blue Eyed Dragons Thundering Descent,Blue Eyes White Dragon,,,0.95,95,37,/en/YuGiOh/Products/Singles/Structure-Deck-The-Blue-Eyed-Dragons-Thundering-Descent/Blue-Eyes-White-Dragon,2026-08-04
The Dark Side of Dimensions Movie Pack,Blue Eyes White Dragon V 1,V1,,1.00,100,438,/en/YuGiOh/Products/Singles/The-Dark-Side-of-Dimensions-Movie-Pack/Blue-Eyes-White-Dragon-V-1,2026-08-04
The Dark Side of Dimensions Movie Pack,Blue Eyes White Dragon V 2,V2,,0.75,75,583,/en/YuGiOh/Products/Singles/The-Dark-Side-of-Dimensions-Movie-Pack/Blue-Eyes-White-Dragon-V-2,2026-08-04
The Dark Side of Dimensions Movie Pack,Blue Eyes White Dragon V 3,V3,,1.00,100,922,/en/YuGiOh/Products/Singles/The-Dark-Side-of-Dimensions-Movie-Pack/Blue-Eyes-White-Dragon-V-3,2026-08-04
The Dark Side of Dimensions Movie Pack,Blue Eyes White Dragon V 4 Ultra Rare,V4,Ultra Rare,7.00,700,22,/en/YuGiOh/Products/Singles/The-Dark-Side-of-Dimensions-Movie-Pack/Blue-Eyes-White-Dragon-V-4-Ultra-Rare,2026-08-04
The Dark Side of Dimensions Movie Pack,Blue Eyes White Dragon V5 Secret Rare,V5,Secret Rare,1.89,189,322,/en/YuGiOh/Products/Singles/The-Dark-Side-of-Dimensions-Movie-Pack/Blue-Eyes-White-Dragon-V5-Secret-Rare,2026-08-04
The Dark Side of Dimensions Movie Pack,Blue Eyes White Dragon V6 Ultra Rare,V6,Ultra Rare,0.50,50,599,/en/YuGiOh/Products/Singles/The-Dark-Side-of-Dimensions-Movie-Pack/Blue-Eyes-White-Dragon-V6-Ultra-Rare,2026-08-04
The Rarity Collection,Blue Eyes White Dragon,,,150.00,15000,11,/en/YuGiOh/Products/Singles/The-Rarity-Collection/Blue-Eyes-White-Dragon,2026-08-04
V Jump Promotional Cards OCG,Blue Eyes White Dragon,,,25.00,2500,21,/en/YuGiOh/Products/Singles/V-Jump-Promotional-Cards-OCG/Blue-Eyes-White-Dragon,2026-08-04
World Championship Celebration Promos,Blue Eyes White Dragon V1 Special,V1,,100.00,10000,12,/en/YuGiOh/Products/Singles/World-Championship-Celebration-Promos/Blue-Eyes-White-Dragon-V1-Special,2026-08-04
World Championship Celebration Promos,Blue Eyes White Dragon,V2,,999.00,99900,9,/en/YuGiOh/Products/Singles/World-Championship-Celebration-Promos/Blue-Eyes-White-Dragon,2026-08-04
Yu Gi Oh Championship Prize Cards 2025,Blue Eyes White Dragon V1 Rare,V1,Rare,239.95,23995,15,/en/YuGiOh/Products/Singles/Yu-Gi-Oh-Championship-Prize-Cards-2025/Blue-Eyes-White-Dragon-V1-Rare,2026-08-04
Yu Gi Oh Championship Prize Cards 2025,Blue Eyes White Dragon V2 Rare,V2,Rare,139.99,13999,13,/en/YuGiOh/Products/Singles/Yu-Gi-Oh-Championship-Prize-Cards-2025/Blue-Eyes-White-Dragon-V2-Rare,2026-08-04
