idProduct,idExpansion,idMetacard,dateAdded,category,name,avg,low,trend,avg1,avg7,avg30,avg_foil,low_foil,trend_foil,avg1_foil,avg7_foil,avg30_foil,fields_present,fields_absent,products_created_at,price_guide_created_at,source_date
102212,1090,102062,2007-01-01 00:00:00,Yugioh Single,Blue-Eyes White Dragon,5.78,0.05,6.41,0.41,9.02,8.47,,,5.12,7.89,3.6,5.54,idProduct|idExpansion|idMetacard|dateAdded|category|name|avg|low|trend|avg1|avg7|avg30|trend_foil|avg1_foil|avg7_foil|avg30_foil,avg_foil|low_foil,2026-08-04T11:20:15+0200,2026-08-04T02:47:19+0200,2026-08-04
102241,1064,102062,2007-01-01 00:00:00,Yugioh Single,Blue-Eyes White Dragon,10,9.99,38.02,10,133.06,166.94,,,17.38,15.49,20.49,17.16,idProduct|idExpansion|idMetacard|dateAdded|category|name|avg|low|trend|avg1|avg7|avg30|trend_foil|avg1_foil|avg7_foil|avg30_foil,avg_foil|low_foil,2026-08-04T11:20:15+0200,2026-08-04T02:47:19+0200,2026-08-04
102242,1077,102062,2007-01-01 00:00:00,Yugioh Single,Blue-Eyes White Dragon,26.1,3.85,19.8,39.95,25.15,25.33,,,8.37,8,8.86,7.64,idProduct|idExpansion|idMetacard|dateAdded|category|name|avg|low|trend|avg1|avg7|avg30|trend_foil|avg1_foil|avg7_foil|avg30_foil,avg_foil|low_foil,2026-08-04T11:20:15+0200,2026-08-04T02:47:19+0200,2026-08-04
102243,1014,102062,2007-01-01 00:00:00,Yugioh Single,Blue-Eyes White Dragon,2.98,0.79,6.36,0.95,7.98,9.16,,,3.56,2.87,3.94,3.78,idProduct|idExpansion|idMetacard|dateAdded|category|name|avg|low|trend|avg1|avg7|avg30|trend_foil|avg1_foil|avg7_foil|avg30_foil,avg_foil|low_foil,2026-08-04T11:20:15+0200,2026-08-04T02:47:19+0200,2026-08-04
102244,1039,102062,2007-01-01 00:00:00,Yugioh Single,Blue-Eyes White Dragon,1249.98,290,994.38,1250,1081.99,1314.96,,,421.64,460,289.28,205.81,idProduct|idExpansion|idMetacard|dateAdded|category|name|avg|low|trend|avg1|avg7|avg30|trend_foil|avg1_foil|avg7_foil|avg30_foil,avg_foil|low_foil,2026-08-04T11:20:15+0200,2026-08-04T02:47:19+0200,2026-08-04
102245,1094,102062,2007-01-01 00:00:00,Yugioh Single,Blue-Eyes White Dragon,20.3,6.99,14.22,36.9,21.45,22.14,,,12.06,9.9,10.27,9.44,idProduct|idExpansion|idMetacard|dateAdded|category|name|avg|low|trend|avg1|avg7|avg30|trend_foil|avg1_foil|avg7_foil|avg30_foil,avg_foil|low_foil,2026-08-04T11:20:15+0200,2026-08-04T02:47:19+0200,2026-08-04
102246,1066,102062,2007-01-01 00:00:00,Yugioh Single,Blue-Eyes White Dragon,13.61,1.54,6.26,4.25,14.41,16.12,,,11.44,13.99,10.5,9.77,idProduct|idExpansion|idMetacard|dateAdded|category|name|avg|low|trend|avg1|avg7|avg30|trend_foil|avg1_foil|avg7_foil|avg30_foil,avg_foil|low_foil,2026-08-04T11:20:15+0200,2026-08-04T02:47:19+0200,2026-08-04
102247,1062,102062,2007-01-01 00:00:00,Yugioh Single,Blue-Eyes White Dragon,25.84,1,27.99,14.99,40,33.81,,,4.65,7.37,3.92,5.18,idProduct|idExpansion|idMetacard|dateAdded|category|name|avg|low|trend|avg1|avg7|avg30|trend_foil|avg1_foil|avg7_foil|avg30_foil,avg_foil|low_foil,2026-08-04T11:20:15+0200,2026-08-04T02:47:19+0200,2026-08-04
102248,1055,102062,2007-01-01 00:00:00,Yugioh Single,Blue-Eyes White Dragon,6.01,0.5,0.02,13.6,5.95,22.08,,,1.96,0.92,4.83,5.27,idProduct|idExpansion|idMetacard|dateAdded|category|name|avg|low|trend|avg1|avg7|avg30|trend_foil|avg1_foil|avg7_foil|avg30_foil,avg_foil|low_foil,2026-08-04T11:20:15+0200,2026-08-04T02:47:19+0200,2026-08-04
102249,1081,102062,2007-01-01 00:00:00,Yugioh Single,Blue-Eyes White Dragon,1.2,0.05,1.2,2.26,1.24,1.54,,,0.18,0.45,0.19,0.3,idProduct|idExpansion|idMetacard|dateAdded|category|name|avg|low|trend|avg1|avg7|avg30|trend_foil|avg1_foil|avg7_foil|avg30_foil,avg_foil|low_foil,2026-08-04T11:20:15+0200,2026-08-04T02:47:19+0200,2026-08-04
109362,1171,102062,2007-01-01 00:00:00,Yugioh Single,Blue-Eyes White Dragon,32.09,4.9,37.75,145,27.45,27.75,,,18.26,19.99,20.6,31.88,idProduct|idExpansion|idMetacard|dateAdded|category|name|avg|low|trend|avg1|avg7|avg30|trend_foil|avg1_foil|avg7_foil|avg30_foil,avg_foil|low_foil,2026-08-04T11:20:15+0200,2026-08-04T02:47:19+0200,2026-08-04
109670,1176,102062,2007-01-01 00:00:00,Yugioh Single,Blue-Eyes White Dragon,49.37,5.99,50.55,36,31.14,60.19,,,14.86,14.37,17.38,15.99,idProduct|idExpansion|idMetacard|dateAdded|category|name|avg|low|trend|avg1|avg7|avg30|trend_foil|avg1_foil|avg7_foil|avg30_foil,avg_foil|low_foil,2026-08-04T11:20:15+0200,2026-08-04T02:47:19+0200,2026-08-04
110695,1191,102062,2007-01-01 00:00:00,Yugioh Single,Blue-Eyes White Dragon,18.89,1,10.18,4.5,17.82,12.29,,,2.39,2.43,2.77,3.13,idProduct|idExpansion|idMetacard|dateAdded|category|name|avg|low|trend|avg1|avg7|avg30|trend_foil|avg1_foil|avg7_foil|avg30_foil,avg_foil|low_foil,2026-08-04T11:20:15+0200,2026-08-04T02:47:19+0200,2026-08-04
244366,1225,102062,2007-01-01 00:00:00,Yugioh Single,Blue-Eyes White Dragon,0.35,0.04,0.3,0.12,0.24,0.36,,,0.55,0.09,0.17,0.48,idProduct|idExpansion|idMetacard|dateAdded|category|name|avg|low|trend|avg1|avg7|avg30|trend_foil|avg1_foil|avg7_foil|avg30_foil,avg_foil|low_foil,2026-08-04T11:20:15+0200,2026-08-04T02:47:19+0200,2026-08-04
244495,1236,102062,2007-01-01 00:00:00,Yugioh Single,Blue-Eyes White Dragon,59.45,4,98.94,58.99,71.3,51.62,,,12.16,19.9,7.71,4.24,idProduct|idExpansion|idMetacard|dateAdded|category|name|avg|low|trend|avg1|avg7|avg30|trend_foil|avg1_foil|avg7_foil|avg30_foil,avg_foil|low_foil,2026-08-04T11:20:15+0200,2026-08-04T02:47:19+0200,2026-08-04
253003,1348,102062,2007-01-01 00:00:00,Yugioh Single,Blue-Eyes White Dragon,0.75,0.02,0.6,0.1,0.68,0.66,,,0.3,0.05,0.37,0.3,idProduct|idExpansion|idMetacard|dateAdded|category|name|avg|low|trend|avg1|avg7|avg30|trend_foil|avg1_foil|avg7_foil|avg30_foil,avg_foil|low_foil,2026-08-04T11:20:15+0200,2026-08-04T02:47:19+0200,2026-08-04
255447,1375,102062,2007-01-01 00:00:00,Yugioh Single,Blue-Eyes White Dragon,22.47,9.99,23.14,19.99,21.41,18.58,,,5.75,8.29,6.67,4.65,idProduct|idExpansion|idMetacard|dateAdded|category|name|avg|low|trend|avg1|avg7|avg30|trend_foil|avg1_foil|avg7_foil|avg30_foil,avg_foil|low_foil,2026-08-04T11:20:15+0200,2026-08-04T02:47:19+0200,2026-08-04
255541,1379,102062,2007-01-01 00:00:00,Yugioh Single,Blue-Eyes White Dragon,499.99,1999.99,549.25,499.99,393,251.95,,,179.24,299.99,95.41,95.41,idProduct|idExpansion|idMetacard|dateAdded|category|name|avg|low|trend|avg1|avg7|avg30|trend_foil|avg1_foil|avg7_foil|avg30_foil,avg_foil|low_foil,2026-08-04T11:20:15+0200,2026-08-04T02:47:19+0200,2026-08-04
255574,1380,102062,2007-01-01 00:00:00,Yugioh Single,Blue-Eyes White Dragon,34.6,3,18.76,29.3,15.51,24.28,,,13.27,14.99,11.53,9.7,idProduct|idExpansion|idMetacard|dateAdded|category|name|avg|low|trend|avg1|avg7|avg30|trend_foil|avg1_foil|avg7_foil|avg30_foil,avg_foil|low_foil,2026-08-04T11:20:15+0200,2026-08-04T02:47:19+0200,2026-08-04
256596,1372,102062,2007-01-01 00:00:00,Yugioh Single,Blue-Eyes White Dragon,57.64,30,52.94,75.99,56.73,53.5,,,32.87,31.95,32.72,35.85,idProduct|idExpansion|idMetacard|dateAdded|category|name|avg|low|trend|avg1|avg7|avg30|trend_foil|avg1_foil|avg7_foil|avg30_foil,avg_foil|low_foil,2026-08-04T11:20:15+0200,2026-08-04T02:47:19+0200,2026-08-04
263166,1077,102062,2007-01-01 00:00:00,Yugioh Single,Blue-Eyes White Dragon,48.81,12.99,52.98,69.1,45.86,68.85,,,16.99,20.9,17.11,13.76,idProduct|idExpansion|idMetacard|dateAdded|category|name|avg|low|trend|avg1|avg7|avg30|trend_foil|avg1_foil|avg7_foil|avg30_foil,avg_foil|low_foil,2026-08-04T11:20:15+0200,2026-08-04T02:47:19+0200,2026-08-04
263746,1044,102062,2007-01-01 00:00:00,Yugioh Single,Blue-Eyes White Dragon,210,77.11,230.27,290,231.66,165.46,,,168,110,134.59,113.87,idProduct|idExpansion|idMetacard|dateAdded|category|name|avg|low|trend|avg1|avg7|avg30|trend_foil|avg1_foil|avg7_foil|avg30_foil,avg_foil|low_foil,2026-08-04T11:20:15+0200,2026-08-04T02:47:19+0200,2026-08-04
263960,1458,102062,2007-01-01 00:00:00,Yugioh Single,Blue-Eyes White Dragon,0.68,0.02,0.42,0.09,0.34,0.58,,,0.3,0.99,0.38,0.34,idProduct|idExpansion|idMetacard|dateAdded|category|name|avg|low|trend|avg1|avg7|avg30|trend_foil|avg1_foil|avg7_foil|avg30_foil,avg_foil|low_foil,2026-08-04T11:20:15+0200,2026-08-04T02:47:19+0200,2026-08-04
265454,1467,102062,2007-01-01 00:00:00,Yugioh Single,Blue-Eyes White Dragon,0.13,0.02,0.28,0.2,0.22,0.32,,,0.13,0.02,0.06,0.2,idProduct|idExpansion|idMetacard|dateAdded|category|name|avg|low|trend|avg1|avg7|avg30|trend_foil|avg1_foil|avg7_foil|avg30_foil,avg_foil|low_foil,2026-08-04T11:20:15+0200,2026-08-04T02:47:19+0200,2026-08-04
265502,1467,102062,2007-01-01 00:00:00,Yugioh Single,Blue-Eyes White Dragon,9.33,0.99,9.06,4,8.16,9.22,,,2.36,1.25,2.72,2.92,idProduct|idExpansion|idMetacard|dateAdded|category|name|avg|low|trend|avg1|avg7|avg30|trend_foil|avg1_foil|avg7_foil|avg30_foil,avg_foil|low_foil,2026-08-04T11:20:15+0200,2026-08-04T02:47:19+0200,2026-08-04
269788,1066,102062,2007-01-01 00:00:00,Yugioh Single,Blue-Eyes White Dragon,119.8,69.9,114.4,87.5,113.22,107.28,,,25.47,24.24,26.12,25.54,idProduct|idExpansion|idMetacard|dateAdded|category|name|avg|low|trend|avg1|avg7|avg30|trend_foil|avg1_foil|avg7_foil|avg30_foil,avg_foil|low_foil,2026-08-04T11:20:15+0200,2026-08-04T02:47:19+0200,2026-08-04
273519,1598,102062,2015-03-17 10:54:48,Yugioh Single,Blue-Eyes White Dragon,3.41,1.5,4.9,4.99,3.87,4.23,,,1.9,1.54,2.13,1.7,idProduct|idExpansion|idMetacard|dateAdded|category|name|avg|low|trend|avg1|avg7|avg30|trend_foil|avg1_foil|avg7_foil|avg30_foil,avg_foil|low_foil,2026-08-04T11:20:15+0200,2026-08-04T02:47:19+0200,2026-08-04
286648,1681,102062,2015-11-20 14:54:53,Yugioh Single,Blue-Eyes White Dragon,4.65,0.7,4.62,2.99,3.42,3.57,,,2.21,4.9,1.92,1.91,idProduct|idExpansion|idMetacard|dateAdded|category|name|avg|low|trend|avg1|avg7|avg30|trend_foil|avg1_foil|avg7_foil|avg30_foil,avg_foil|low_foil,2026-08-04T11:20:15+0200,2026-08-04T02:47:19+0200,2026-08-04
291355,1711,102062,2016-07-19 14:24:30,Yugioh Single,Blue-Eyes White Dragon,2.53,1,2.45,2.3,2.15,2.22,,,2.19,1.43,1.9,1.84,idProduct|idExpansion|idMetacard|dateAdded|category|name|avg|low|trend|avg1|avg7|avg30|trend_foil|avg1_foil|avg7_foil|avg30_foil,avg_foil|low_foil,2026-08-04T11:20:15+0200,2026-08-04T02:47:19+0200,2026-08-04
292090,1714,102062,2016-08-29 11:24:13,Yugioh Single,Blue-Eyes White Dragon,12.28,4.99,10.38,6.89,11.15,11.34,,,1.19,2.22,1.19,1.14,idProduct|idExpansion|idMetacard|dateAdded|category|name|avg|low|trend|avg1|avg7|avg30|trend_foil|avg1_foil|avg7_foil|avg30_foil,avg_foil|low_foil,2026-08-04T11:20:15+0200,2026-08-04T02:47:19+0200,2026-08-04
293072,1734,102062,2016-10-06 11:11:01,Yugioh Single,Blue-Eyes White Dragon,4.12,0.02,3.72,3.7,4.19,4.11,,,0.36,0.2,0.44,0.6,idProduct|idExpansion|idMetacard|dateAdded|category|name|avg|low|trend|avg1|avg7|avg30|trend_foil|avg1_foil|avg7_foil|avg30_foil,avg_foil|low_foil,2026-08-04T11:20:15+0200,2026-08-04T02:47:19+0200,2026-08-04
293159,1734,102062,2016-10-06 11:38:10,Yugioh Single,Blue-Eyes White Dragon,0.25,0.02,0.21,0.2,0.17,0.23,,,0.14,0.04,0.21,0.31,idProduct|idExpansion|idMetacard|dateAdded|category|name|avg|low|trend|avg1|avg7|avg30|trend_foil|avg1_foil|avg7_foil|avg30_foil,avg_foil|low_foil,2026-08-04T11:20:15+0200,2026-08-04T02:47:19+0200,2026-08-04
293160,1734,102062,2016-10-06 11:38:17,Yugioh Single,Blue-Eyes White Dragon,0.23,0.02,0.32,0.05,0.35,0.23,,,0.21,0.1,0.25,0.25,idProduct|idExpansion|idMetacard|dateAdded|category|name|avg|low|trend|avg1|avg7|avg30|trend_foil|avg1_foil|avg7_foil|avg30_foil,avg_foil|low_foil,2026-08-04T11:20:15+0200,2026-08-04T02:47:19+0200,2026-08-04
293207,1736,102062,2016-10-17 19:46:27,Yugioh Single,Blue-Eyes White Dragon,0.67,0.02,0.46,0.1,0.38,0.6,,,0.11,0.03,0.17,0.2,idProduct|idExpansion|idMetacard|dateAdded|category|name|avg|low|trend|avg1|avg7|avg30|trend_foil|avg1_foil|avg7_foil|avg30_foil,avg_foil|low_foil,2026-08-04T11:20:15+0200,2026-08-04T02:47:19+0200,2026-08-04
294985,1711,102062,2017-01-11 14:08:51,Yugioh Single,Blue-Eyes White Dragon,2.33,0.75,2,1.5,1.94,2.16,,,0.65,0.93,0.7,0.65,idProduct|idExpansion|idMetacard|dateAdded|category|name|avg|low|trend|avg1|avg7|avg30|trend_foil|avg1_foil|avg7_foil|avg30_foil,avg_foil|low_foil,2026-08-04T11:20:15+0200,2026-08-04T02:47:19+0200,2026-08-04
294990,1711,102062,2017-01-11 14:29:40,Yugioh Single,Blue-Eyes White Dragon,2.8,1,3.18,4.89,2.63,2.99,,,1.16,1.8,1.12,1.07,idProduct|idExpansion|idMetacard|dateAdded|category|name|avg|low|trend|avg1|avg7|avg30|trend_foil|avg1_foil|avg7_foil|avg30_foil,avg_foil|low_foil,2026-08-04T11:20:15+0200,2026-08-04T02:47:19+0200,2026-08-04
296448,1744,102062,2017-03-23 14:27:59,Yugioh Single,Blue-Eyes White Dragon,14.49,6,13.04,14.5,14.26,14.26,,,2.27,3.9,2.25,2.04,idProduct|idExpansion|idMetacard|dateAdded|category|name|avg|low|trend|avg1|avg7|avg30|trend_foil|avg1_foil|avg7_foil|avg30_foil,avg_foil|low_foil,2026-08-04T11:20:15+0200,2026-08-04T02:47:19+0200,2026-08-04
299166,1831,102062,2017-07-14 11:28:02,Yugioh Single,Blue-Eyes White Dragon,2.52,0.6,3.04,2.99,2.64,2.26,,,0.76,1.11,0.71,0.93,idProduct|idExpansion|idMetacard|dateAdded|category|name|avg|low|trend|avg1|avg7|avg30|trend_foil|avg1_foil|avg7_foil|avg30_foil,avg_foil|low_foil,2026-08-04T11:20:15+0200,2026-08-04T02:47:19+0200,2026-08-04
300631,1808,102062,2017-08-14 13:07:01,Yugioh Single,Blue-Eyes White Dragon,1.8,0.6,1.76,0.99,1.69,2.11,,,0.44,0.24,0.36,0.42,idProduct|idExpansion|idMetacard|dateAdded|category|name|avg|low|trend|avg1|avg7|avg30|trend_foil|avg1_foil|avg7_foil|avg30_foil,avg_foil|low_foil,2026-08-04T11:20:15+0200,2026-08-04T02:47:19+0200,2026-08-04
314328,1066,102062,2017-11-30 13:53:54,Yugioh Single,Blue-Eyes White Dragon,249.5,279.99,271.01,250,239.84,155.94,,,34.29,35,52.57,50.64,idProduct|idExpansion|idMetacard|dateAdded|category|name|avg|low|trend|avg1|avg7|avg30|trend_foil|avg1_foil|avg7_foil|avg30_foil,avg_foil|low_foil,2026-08-04T11:20:15+0200,2026-08-04T02:47:19+0200,2026-08-04
315081,4446,102062,2017-12-14 14:07:59,Yugioh Single,Blue-Eyes White Dragon,4.53,1,4.35,5.5,4.74,4.96,,,19,19,13,13,idProduct|idExpansion|idMetacard|dateAdded|category|name|avg|low|trend|avg1|avg7|avg30|trend_foil|avg1_foil|avg7_foil|avg30_foil,avg_foil|low_foil,2026-08-04T11:20:15+0200,2026-08-04T02:47:19+0200,2026-08-04
319601,2066,102062,2018-03-05 16:56:54,Yugioh Single,Blue-Eyes White Dragon,1.54,0.3,1.42,2.29,1.35,1.33,,,0.27,0.28,0.24,0.28,idProduct|idExpansion|idMetacard|dateAdded|category|name|avg|low|trend|avg1|avg7|avg30|trend_foil|avg1_foil|avg7_foil|avg30_foil,avg_foil|low_foil,2026-08-04T11:20:15+0200,2026-08-04T02:47:19+0200,2026-08-04
319602,2066,102062,2018-03-05 16:57:14,Yugioh Single,Blue-Eyes White Dragon,1.87,0.68,1.96,1.99,2.22,2,,,0.47,0.4,0.4,0.44,idProduct|idExpansion|idMetacard|dateAdded|category|name|avg|low|trend|avg1|avg7|avg30|trend_foil|avg1_foil|avg7_foil|avg30_foil,avg_foil|low_foil,2026-08-04T11:20:15+0200,2026-08-04T02:47:19+0200,2026-08-04
319603,2066,102062,2018-03-05 16:57:22,Yugioh Single,Blue-Eyes White Dragon,11.46,6,12.49,13.45,13.1,11.64,,,1.31,1.36,1.23,1.23,idProduct|idExpansion|idMetacard|dateAdded|category|name|avg|low|trend|avg1|avg7|avg30|trend_foil|avg1_foil|avg7_foil|avg30_foil,avg_foil|low_foil,2026-08-04T11:20:15+0200,2026-08-04T02:47:19+0200,2026-08-04
319604,2066,102062,2018-03-05 16:57:29,Yugioh Single,Blue-Eyes White Dragon,0.77,0.1,0.83,0.1,0.74,0.77,,,0.28,0.29,0.24,0.27,idProduct|idExpansion|idMetacard|dateAdded|category|name|avg|low|trend|avg1|avg7|avg30|trend_foil|avg1_foil|avg7_foil|avg30_foil,avg_foil|low_foil,2026-08-04T11:20:15+0200,2026-08-04T02:47:19+0200,2026-08-04
327204,1831,102062,2018-04-04 18:17:20,Yugioh Single,Blue-Eyes White Dragon,39.99,40,29.74,39.99,29.27,18.2,,,17.41,12.49,13.38,13,idProduct|idExpansion|idMetacard|dateAdded|category|name|avg|low|trend|avg1|avg7|avg30|trend_foil|avg1_foil|avg7_foil|avg30_foil,avg_foil|low_foil,2026-08-04T11:20:15+0200,2026-08-04T02:47:19+0200,2026-08-04
364549,2354,102062,2018-09-26 13:20:25,Yugioh Single,Blue-Eyes White Dragon,0.17,0.02,0.23,0.49,0.27,0.24,,,0.11,0.06,0.07,0.09,idProduct|idExpansion|idMetacard|dateAdded|category|name|avg|low|trend|avg1|avg7|avg30|trend_foil|avg1_foil|avg7_foil|avg30_foil,avg_foil|low_foil,2026-08-04T11:20:15+0200,2026-08-04T02:47:19+0200,2026-08-04
368144,1711,102062,2019-01-04 15:04:49,Yugioh Single,Blue-Eyes White Dragon,8,7,8.84,8,8.56,9.12,,,4.99,4.99,4.99,4.99,idProduct|idExpansion|idMetacard|dateAdded|category|name|avg|low|trend|avg1|avg7|avg30|trend_foil|avg1_foil|avg7_foil|avg30_foil,avg_foil|low_foil,2026-08-04T11:20:15+0200,2026-08-04T02:47:19+0200,2026-08-04
369182,2390,102062,2019-01-22 14:45:53,Yugioh Single,Blue-Eyes White Dragon,0.24,0.04,0.16,0.03,0.28,0.3,,,0.39,0.36,0.35,0.29,idProduct|idExpansion|idMetacard|dateAdded|category|name|avg|low|trend|avg1|avg7|avg30|trend_foil|avg1_foil|avg7_foil|avg30_foil,avg_foil|low_foil,2026-08-04T11:20:15+0200,2026-08-04T02:47:19+0200,2026-08-04
372228,2455,102062,2019-04-15 15:19:21,Yugioh Single,Blue-Eyes White Dragon,13.89,13.5,15.8,13.89,27.12,35.36,,,0,,,,idProduct|idExpansion|idMetacard|dateAdded|category|name|avg|low|trend|avg1|avg7|avg30|trend_foil,avg_foil|low_foil|avg1_foil|avg7_foil|avg30_foil,2026-08-04T11:20:15+0200,2026-08-04T02:47:19+0200,2026-08-04
393872,2622,102062,2019-08-14 14:03:29,Yugioh Single,Blue-Eyes White Dragon,600,999,504.14,600,532,759.22,,,0,,,,idProduct|idExpansion|idMetacard|dateAdded|category|name|avg|low|trend|avg1|avg7|avg30|trend_foil,avg_foil|low_foil|avg1_foil|avg7_foil|avg30_foil,2026-08-04T11:20:15+0200,2026-08-04T02:47:19+0200,2026-08-04
406534,1711,102062,2019-10-08 16:21:47,Yugioh Single,Blue-Eyes White Dragon,6.04,1.89,4.98,4.87,5.65,5.62,,,0,,,,idProduct|idExpansion|idMetacard|dateAdded|category|name|avg|low|trend|avg1|avg7|avg30|trend_foil,avg_foil|low_foil|avg1_foil|avg7_foil|avg30_foil,2026-08-04T11:20:15+0200,2026-08-04T02:47:19+0200,2026-08-04
406564,1711,102062,2019-10-08 16:24:51,Yugioh Single,Blue-Eyes White Dragon,3.03,0.5,2.84,4.9,2.56,2.49,,,0,,,,idProduct|idExpansion|idMetacard|dateAdded|category|name|avg|low|trend|avg1|avg7|avg30|trend_foil,avg_foil|low_foil|avg1_foil|avg7_foil|avg30_foil,2026-08-04T11:20:15+0200,2026-08-04T02:47:19+0200,2026-08-04
442948,2906,102062,2020-03-04 16:04:37,Yugioh Single,Blue-Eyes White Dragon,0.5,0.35,0.66,0.35,0.49,0.59,,,0,,,,idProduct|idExpansion|idMetacard|dateAdded|category|name|avg|low|trend|avg1|avg7|avg30|trend_foil,avg_foil|low_foil|avg1_foil|avg7_foil|avg30_foil,2026-08-04T11:20:15+0200,2026-08-04T02:47:19+0200,2026-08-04
502865,2622,102062,2020-09-18 15:35:09,Yugioh Single,Blue-Eyes White Dragon,90,100,228.28,90,264.69,371.49,,,0,,,,idProduct|idExpansion|idMetacard|dateAdded|category|name|avg|low|trend|avg1|avg7|avg30|trend_foil,avg_foil|low_foil|avg1_foil|avg7_foil|avg30_foil,2026-08-04T11:20:15+0200,2026-08-04T02:47:19+0200,2026-08-04
515184,3339,102062,2020-11-09 13:25:31,Yugioh Single,Blue-Eyes White Dragon,19.29,12.99,21.99,29.99,23.25,19.63,,,0,,,,idProduct|idExpansion|idMetacard|dateAdded|category|name|avg|low|trend|avg1|avg7|avg30|trend_foil,avg_foil|low_foil|avg1_foil|avg7_foil|avg30_foil,2026-08-04T11:20:15+0200,2026-08-04T02:47:19+0200,2026-08-04
518306,3439,102062,2020-11-18 14:46:16,Yugioh Single,Blue-Eyes White Dragon,0.33,0.02,0.22,0.51,0.34,0.42,,,0,,,,idProduct|idExpansion|idMetacard|dateAdded|category|name|avg|low|trend|avg1|avg7|avg30|trend_foil,avg_foil|low_foil|avg1_foil|avg7_foil|avg30_foil,2026-08-04T11:20:15+0200,2026-08-04T02:47:19+0200,2026-08-04
518311,3439,102062,2020-11-18 14:46:30,Yugioh Single,Blue-Eyes White Dragon,3.31,1.29,3.72,2.85,3.02,3.28,,,0,,,,idProduct|idExpansion|idMetacard|dateAdded|category|name|avg|low|trend|avg1|avg7|avg30|trend_foil,avg_foil|low_foil|avg1_foil|avg7_foil|avg30_foil,2026-08-04T11:20:15+0200,2026-08-04T02:47:19+0200,2026-08-04
529572,3535,102062,2021-01-08 15:00:05,Yugioh Single,Blue-Eyes White Dragon,1.73,0.85,1.59,1.45,1.61,1.83,,,0,,,,idProduct|idExpansion|idMetacard|dateAdded|category|name|avg|low|trend|avg1|avg7|avg30|trend_foil,avg_foil|low_foil|avg1_foil|avg7_foil|avg30_foil,2026-08-04T11:20:15+0200,2026-08-04T02:47:19+0200,2026-08-04
534153,3535,102062,2021-01-27 14:15:48,Yugioh Single,Blue-Eyes White Dragon,3.45,1.49,3.43,4.58,3.61,3.48,,,0,,,,idProduct|idExpansion|idMetacard|dateAdded|category|name|avg|low|trend|avg1|avg7|avg30|trend_foil,avg_foil|low_foil|avg1_foil|avg7_foil|avg30_foil,2026-08-04T11:20:15+0200,2026-08-04T02:47:19+0200,2026-08-04
534158,3535,102062,2021-01-27 14:16:15,Yugioh Single,Blue-Eyes White Dragon,2.12,0.75,1.91,2.28,2.13,2.4,,,0,,,,idProduct|idExpansion|idMetacard|dateAdded|category|name|avg|low|trend|avg1|avg7|avg30|trend_foil,avg_foil|low_foil|avg1_foil|avg7_foil|avg30_foil,2026-08-04T11:20:15+0200,2026-08-04T02:47:19+0200,2026-08-04
534163,3535,102062,2021-01-27 14:16:24,Yugioh Single,Blue-Eyes White Dragon,2.57,1,2.35,2.63,2.33,2.65,,,0,,,,idProduct|idExpansion|idMetacard|dateAdded|category|name|avg|low|trend|avg1|avg7|avg30|trend_foil,avg_foil|low_foil|avg1_foil|avg7_foil|avg30_foil,2026-08-04T11:20:15+0200,2026-08-04T02:47:19+0200,2026-08-04
577481,4411,102062,2021-10-12 11:24:22,Yugioh Single,Blue-Eyes White Dragon,59.99,50,112.73,75.5,144.08,122.9,,,0,,,,idProduct|idExpansion|idMetacard|dateAdded|category|name|avg|low|trend|avg1|avg7|avg30|trend_foil,avg_foil|low_foil|avg1_foil|avg7_foil|avg30_foil,2026-08-04T11:20:15+0200,2026-08-04T02:47:19+0200,2026-08-04
577614,4410,102062,2021-10-12 13:53:04,Yugioh Single,Blue-Eyes White Dragon,80.98,12,113.02,13.9,134.7,90.67,,,0,,,,idProduct|idExpansion|idMetacard|dateAdded|category|name|avg|low|trend|avg1|avg7|avg30|trend_foil,avg_foil|low_foil|avg1_foil|avg7_foil|avg30_foil,2026-08-04T11:20:15+0200,2026-08-04T02:47:19+0200,2026-08-04
577731,4410,102062,2021-10-12 16:08:27,Yugioh Single,Blue-Eyes White Dragon,56.66,9,56.81,89.99,44.3,47.12,,,0,,,,idProduct|idExpansion|idMetacard|dateAdded|category|name|avg|low|trend|avg1|avg7|avg30|trend_foil,avg_foil|low_foil|avg1_foil|avg7_foil|avg30_foil,2026-08-04T11:20:15+0200,2026-08-04T02:47:19+0200,2026-08-04
577919,1064,102062,2021-10-13 11:51:17,Yugioh Single,Blue-Eyes White Dragon,166.53,4.56,187.18,555,161.37,239.66,,,0,,,,idProduct|idExpansion|idMetacard|dateAdded|category|name|avg|low|trend|avg1|avg7|avg30|trend_foil,avg_foil|low_foil|avg1_foil|avg7_foil|avg30_foil,2026-08-04T11:20:15+0200,2026-08-04T02:47:19+0200,2026-08-04
578088,1064,102062,2021-10-13 15:56:59,Yugioh Single,Blue-Eyes White Dragon,550,50,550,550,375,375,,,0,,,,idProduct|idExpansion|idMetacard|dateAdded|category|name|avg|low|trend|avg1|avg7|avg30|trend_foil,avg_foil|low_foil|avg1_foil|avg7_foil|avg30_foil,2026-08-04T11:20:15+0200,2026-08-04T02:47:19+0200,2026-08-04
578089,1064,102062,2021-10-13 15:57:46,Yugioh Single,Blue-Eyes White Dragon,306.65,37.98,190.56,306.65,159.15,147.13,,,0,,,,idProduct|idExpansion|idMetacard|dateAdded|category|name|avg|low|trend|avg1|avg7|avg30|trend_foil,avg_foil|low_foil|avg1_foil|avg7_foil|avg30_foil,2026-08-04T11:20:15+0200,2026-08-04T02:47:19+0200,2026-08-04
582251,4371,102062,2021-11-03 09:58:28,Yugioh Single,Blue-Eyes White Dragon,2.42,0.99,2.79,2.19,2.6,2.4,,,0,,,,idProduct|idExpansion|idMetacard|dateAdded|category|name|avg|low|trend|avg1|avg7|avg30|trend_foil,avg_foil|low_foil|avg1_foil|avg7_foil|avg30_foil,2026-08-04T11:20:15+0200,2026-08-04T02:47:19+0200,2026-08-04
582414,4429,102062,2021-11-03 12:16:36,Yugioh Single,Blue-Eyes White Dragon,15.83,3.5,20.93,19.99,24.05,14.04,,,0,,,,idProduct|idExpansion|idMetacard|dateAdded|category|name|avg|low|trend|avg1|avg7|avg30|trend_foil,avg_foil|low_foil|avg1_foil|avg7_foil|avg30_foil,2026-08-04T11:20:15+0200,2026-08-04T02:47:19+0200,2026-08-04
582503,4430,102062,2021-11-03 13:40:35,Yugioh Single,Blue-Eyes White Dragon,15,2.5,3.4,24.95,12.67,13.03,,,0,,,,idProduct|idExpansion|idMetacard|dateAdded|category|name|avg|low|trend|avg1|avg7|avg30|trend_foil,avg_foil|low_foil|avg1_foil|avg7_foil|avg30_foil,2026-08-04T11:20:15+0200,2026-08-04T02:47:19+0200,2026-08-04
582554,4431,102062,2021-11-03 14:15:45,Yugioh Single,Blue-Eyes White Dragon,2.98,0.5,6.83,7.49,11.73,14.68,,,0,,,,idProduct|idExpansion|idMetacard|dateAdded|category|name|avg|low|trend|avg1|avg7|avg30|trend_foil,avg_foil|low_foil|avg1_foil|avg7_foil|avg30_foil,2026-08-04T11:20:15+0200,2026-08-04T02:47:19+0200,2026-08-04
582602,4432,102062,2021-11-03 15:34:30,Yugioh Single,Blue-Eyes White Dragon,5.33,0.6,13.22,18,5.23,11.22,,,0,,,,idProduct|idExpansion|idMetacard|dateAdded|category|name|avg|low|trend|avg1|avg7|avg30|trend_foil,avg_foil|low_foil|avg1_foil|avg7_foil|avg30_foil,2026-08-04T11:20:15+0200,2026-08-04T02:47:19+0200,2026-08-04
582713,4432,102062,2021-11-04 09:20:43,Yugioh Single,Blue-Eyes White Dragon,9.99,3.89,65.86,9.99,72.4,22.23,,,0,,,,idProduct|idExpansion|idMetacard|dateAdded|category|name|avg|low|trend|avg1|avg7|avg30|trend_foil,avg_foil|low_foil|avg1_foil|avg7_foil|avg30_foil,2026-08-04T11:20:15+0200,2026-08-04T02:47:19+0200,2026-08-04
582816,1055,102062,2021-11-04 10:45:37,Yugioh Single,Blue-Eyes White Dragon,12.23,0.6,6.71,7.09,6.09,12.07,,,0,,,,idProduct|idExpansion|idMetacard|dateAdded|category|name|avg|low|trend|avg1|avg7|avg30|trend_foil,avg_foil|low_foil|avg1_foil|avg7_foil|avg30_foil,2026-08-04T11:20:15+0200,2026-08-04T02:47:19+0200,2026-08-04
582879,1055,102062,2021-11-04 12:03:48,Yugioh Single,Blue-Eyes White Dragon,10,20,42.17,40,35.74,19.96,,,0,,,,idProduct|idExpansion|idMetacard|dateAdded|category|name|avg|low|trend|avg1|avg7|avg30|trend_foil,avg_foil|low_foil|avg1_foil|avg7_foil|avg30_foil,2026-08-04T11:20:15+0200,2026-08-04T02:47:19+0200,2026-08-04
586744,1375,102062,2021-12-01 13:36:46,Yugioh Single,Blue-Eyes White Dragon,24.45,10,23.67,24.9,31.17,23.14,,,0,,,,idProduct|idExpansion|idMetacard|dateAdded|category|name|avg|low|trend|avg1|avg7|avg30|trend_foil,avg_foil|low_foil|avg1_foil|avg7_foil|avg30_foil,2026-08-04T11:20:15+0200,2026-08-04T02:47:19+0200,2026-08-04
586745,1375,102062,2021-12-01 13:37:53,Yugioh Single,Blue-Eyes White Dragon,22.5,6,18.36,25.99,17.83,20.28,,,0,,,,idProduct|idExpansion|idMetacard|dateAdded|category|name|avg|low|trend|avg1|avg7|avg30|trend_foil,avg_foil|low_foil|avg1_foil|avg7_foil|avg30_foil,2026-08-04T11:20:15+0200,2026-08-04T02:47:19+0200,2026-08-04
586746,1375,102062,2021-12-01 13:38:59,Yugioh Single,Blue-Eyes White Dragon,19.9,10,52.57,19.9,27.14,36.51,,,0,,,,idProduct|idExpansion|idMetacard|dateAdded|category|name|avg|low|trend|avg1|avg7|avg30|trend_foil,avg_foil|low_foil|avg1_foil|avg7_foil|avg30_foil,2026-08-04T11:20:15+0200,2026-08-04T02:47:19+0200,2026-08-04
610218,4398,102062,2022-02-25 14:18:46,Yugioh Single,Blue-Eyes White Dragon,0.65,0.08,0.69,0.5,0.63,0.61,,,0,,,,idProduct|idExpansion|idMetacard|dateAdded|category|name|avg|low|trend|avg1|avg7|avg30|trend_foil,avg_foil|low_foil|avg1_foil|avg7_foil|avg30_foil,2026-08-04T11:20:15+0200,2026-08-04T02:47:19+0200,2026-08-04
651767,1066,102062,2022-04-13 13:54:21,Yugioh Single,Blue-Eyes White Dragon,38.15,5,38.75,10,27.89,39.5,,,0,,,,idProduct|idExpansion|idMetacard|dateAdded|category|name|avg|low|trend|avg1|avg7|avg30|trend_foil,avg_foil|low_foil|avg1_foil|avg7_foil|avg30_foil,2026-08-04T11:20:15+0200,2026-08-04T02:47:19+0200,2026-08-04
652757,4433,102062,2022-04-22 09:59:50,Yugioh Single,Blue-Eyes White Dragon,248.06,189.9,246.55,215,243.71,233.41,,,0,,,,idProduct|idExpansion|idMetacard|dateAdded|category|name|avg|low|trend|avg1|avg7|avg30|trend_foil,avg_foil|low_foil|avg1_foil|avg7_foil|avg30_foil,2026-08-04T11:20:15+0200,2026-08-04T02:47:19+0200,2026-08-04
654323,5036,102062,2022-05-05 10:12:23,Yugioh Single,Blue-Eyes White Dragon,19,19.9,18.09,18,33.11,54.56,,,0,,,,idProduct|idExpansion|idMetacard|dateAdded|category|name|avg|low|trend|avg1|avg7|avg30|trend_foil,avg_foil|low_foil|avg1_foil|avg7_foil|avg30_foil,2026-08-04T11:20:15+0200,2026-08-04T02:47:19+0200,2026-08-04
656435,4529,102062,2022-05-11 13:56:04,Yugioh Single,Blue-Eyes White Dragon,9.95,,9.95,9.95,9.98,9.98,,,0,,,,idProduct|idExpansion|idMetacard|dateAdded|category|name|avg|trend|avg1|avg7|avg30|trend_foil,low|avg_foil|low_foil|avg1_foil|avg7_foil|avg30_foil,2026-08-04T11:20:15+0200,2026-08-04T02:47:19+0200,2026-08-04
656436,4529,102062,2022-05-11 13:56:45,Yugioh Single,Blue-Eyes White Dragon,25.95,19.99,25.95,25.95,32.95,32.95,,,0,,,,idProduct|idExpansion|idMetacard|dateAdded|category|name|avg|low|trend|avg1|avg7|avg30|trend_foil,avg_foil|low_foil|avg1_foil|avg7_foil|avg30_foil,2026-08-04T11:20:15+0200,2026-08-04T02:47:19+0200,2026-08-04
658999,4542,102062,2022-05-18 14:49:32,Yugioh Single,Blue-Eyes White Dragon,9.65,2,9.08,2.58,6.3,5.9,,,0,,,,idProduct|idExpansion|idMetacard|dateAdded|category|name|avg|low|trend|avg1|avg7|avg30|trend_foil,avg_foil|low_foil|avg1_foil|avg7_foil|avg30_foil,2026-08-04T11:20:15+0200,2026-08-04T02:47:19+0200,2026-08-04
659000,4542,102062,2022-05-18 14:50:04,Yugioh Single,Blue-Eyes White Dragon,29.95,29.5,36.63,29.95,43.26,47.9,,,0,,,,idProduct|idExpansion|idMetacard|dateAdded|category|name|avg|low|trend|avg1|avg7|avg30|trend_foil,avg_foil|low_foil|avg1_foil|avg7_foil|avg30_foil,2026-08-04T11:20:15+0200,2026-08-04T02:47:19+0200,2026-08-04
661868,4566,102062,2022-06-02 13:48:52,Yugioh Single,Blue-Eyes White Dragon,32.99,12.9,56.23,32.99,53.53,45.99,,,0,,,,idProduct|idExpansion|idMetacard|dateAdded|category|name|avg|low|trend|avg1|avg7|avg30|trend_foil,avg_foil|low_foil|avg1_foil|avg7_foil|avg30_foil,2026-08-04T11:20:15+0200,2026-08-04T02:47:19+0200,2026-08-04
663002,5081,102062,2022-06-13 15:18:23,Yugioh Single,Blue-Eyes White Dragon,162.5,185,200.68,175,196.55,247.81,,,0,,,,idProduct|idExpansion|idMetacard|dateAdded|category|name|avg|low|trend|avg1|avg7|avg30|trend_foil,avg_foil|low_foil|avg1_foil|avg7_foil|avg30_foil,2026-08-04T11:20:15+0200,2026-08-04T02:47:19+0200,2026-08-04
666746,4593,102062,2022-06-30 16:08:58,Yugioh Single,Blue-Eyes White Dragon,,190,179.99,179.99,179.99,179.99,,,0,,,,idProduct|idExpansion|idMetacard|dateAdded|category|name|low|trend|avg1|avg7|avg30|trend_foil,avg|avg_foil|low_foil|avg1_foil|avg7_foil|avg30_foil,2026-08-04T11:20:15+0200,2026-08-04T02:47:19+0200,2026-08-04
667395,4592,102062,2022-07-07 12:13:31,Yugioh Single,Blue-Eyes White Dragon,13.98,9.99,13.92,12.99,13.47,14.71,,,0,,,,idProduct|idExpansion|idMetacard|dateAdded|category|name|avg|low|trend|avg1|avg7|avg30|trend_foil,avg_foil|low_foil|avg1_foil|avg7_foil|avg30_foil,2026-08-04T11:20:15+0200,2026-08-04T02:47:19+0200,2026-08-04
667396,4592,102062,2022-07-07 12:14:08,Yugioh Single,Blue-Eyes White Dragon,3,2,4.26,2.5,4.42,4.51,,,0,,,,idProduct|idExpansion|idMetacard|dateAdded|category|name|avg|low|trend|avg1|avg7|avg30|trend_foil,avg_foil|low_foil|avg1_foil|avg7_foil|avg30_foil,2026-08-04T11:20:15+0200,2026-08-04T02:47:19+0200,2026-08-04
670241,4689,102062,2022-08-03 09:42:39,Yugioh Single,Blue-Eyes White Dragon,8,6,11.67,10,8.7,8.16,,,0,,,,idProduct|idExpansion|idMetacard|dateAdded|category|name|avg|low|trend|avg1|avg7|avg30|trend_foil,avg_foil|low_foil|avg1_foil|avg7_foil|avg30_foil,2026-08-04T11:20:15+0200,2026-08-04T02:47:19+0200,2026-08-04
670242,4689,102062,2022-08-03 09:43:14,Yugioh Single,Blue-Eyes White Dragon,23.83,17.5,24.25,18,24.5,22.14,,,0,,,,idProduct|idExpansion|idMetacard|dateAdded|category|name|avg|low|trend|avg1|avg7|avg30|trend_foil,avg_foil|low_foil|avg1_foil|avg7_foil|avg30_foil,2026-08-04T11:20:15+0200,2026-08-04T02:47:19+0200,2026-08-04
673111,4614,102062,2022-08-30 13:56:25,Yugioh Single,Blue-Eyes White Dragon,1.47,0.7,1.88,1.47,1.44,0.83,,,0,,,,idProduct|idExpansion|idMetacard|dateAdded|category|name|avg|low|trend|avg1|avg7|avg30|trend_foil,avg_foil|low_foil|avg1_foil|avg7_foil|avg30_foil,2026-08-04T11:20:15+0200,2026-08-04T02:47:19+0200,2026-08-04
673369,4596,102062,2022-08-31 14:47:20,Yugioh Single,Blue-Eyes White Dragon,107.5,97.49,53.81,97.5,99.36,168.47,,,0,,,,idProduct|idExpansion|idMetacard|dateAdded|category|name|avg|low|trend|avg1|avg7|avg30|trend_foil,avg_foil|low_foil|avg1_foil|avg7_foil|avg30_foil,2026-08-04T11:20:15+0200,2026-08-04T02:47:19+0200,2026-08-04
673768,4969,102062,2022-09-02 13:49:47,Yugioh Single,Blue-Eyes White Dragon,5.33,3.89,5.71,5.68,5.6,5.34,,,0,,,,idProduct|idExpansion|idMetacard|dateAdded|category|name|avg|low|trend|avg1|avg7|avg30|trend_foil,avg_foil|low_foil|avg1_foil|avg7_foil|avg30_foil,2026-08-04T11:20:15+0200,2026-08-04T02:47:19+0200,2026-08-04
679567,4652,102062,2022-10-12 15:25:34,Yugioh Single,Blue-Eyes White Dragon,110,68,91.3,150,112.85,87.16,,,0,,,,idProduct|idExpansion|idMetacard|dateAdded|category|name|avg|low|trend|avg1|avg7|avg30|trend_foil,avg_foil|low_foil|avg1_foil|avg7_foil|avg30_foil,2026-08-04T11:20:15+0200,2026-08-04T02:47:19+0200,2026-08-04
682583,5086,102062,2022-11-02 11:08:28,Yugioh Single,Blue-Eyes White Dragon,143.78,149.66,402.88,157.55,440.92,218.29,,,0,,,,idProduct|idExpansion|idMetacard|dateAdded|category|name|avg|low|trend|avg1|avg7|avg30|trend_foil,avg_foil|low_foil|avg1_foil|avg7_foil|avg30_foil,2026-08-04T11:20:15+0200,2026-08-04T02:47:19+0200,2026-08-04
682584,5086,102062,2022-11-02 11:08:40,Yugioh Single,Blue-Eyes White Dragon,476.35,499,437.46,485.38,439.2,325.46,,,0,,,,idProduct|idExpansion|idMetacard|dateAdded|category|name|avg|low|trend|avg1|avg7|avg30|trend_foil,avg_foil|low_foil|avg1_foil|avg7_foil|avg30_foil,2026-08-04T11:20:15+0200,2026-08-04T02:47:19+0200,2026-08-04
689869,4662,102062,2022-12-15 11:22:01,Yugioh Single,Blue-Eyes White Dragon,14.5,10,8.16,14.5,7.3,5.54,,,0,,,,idProduct|idExpansion|idMetacard|dateAdded|category|name|avg|low|trend|avg1|avg7|avg30|trend_foil,avg_foil|low_foil|avg1_foil|avg7_foil|avg30_foil,2026-08-04T11:20:15+0200,2026-08-04T02:47:19+0200,2026-08-04
693738,4682,102062,2023-01-23 14:41:05,Yugioh Single,Blue-Eyes White Dragon,9.95,4.99,7.85,9.95,9.31,12.41,,,0,,,,idProduct|idExpansion|idMetacard|dateAdded|category|name|avg|low|trend|avg1|avg7|avg30|trend_foil,avg_foil|low_foil|avg1_foil|avg7_foil|avg30_foil,2026-08-04T11:20:15+0200,2026-08-04T02:47:19+0200,2026-08-04
694335,4694,102062,2023-01-25 11:06:54,Yugioh Single,Blue-Eyes White Dragon,110,150,229.76,110,215.5,215.5,,,0,,,,idProduct|idExpansion|idMetacard|dateAdded|category|name|avg|low|trend|avg1|avg7|avg30|trend_foil,avg_foil|low_foil|avg1_foil|avg7_foil|avg30_foil,2026-08-04T11:20:15+0200,2026-08-04T02:47:19+0200,2026-08-04
704198,4721,102062,2023-04-04 14:56:14,Yugioh Single,Blue-Eyes White Dragon,1.15,0.95,1.15,1.15,1.24,2.17,,,0,,,,idProduct|idExpansion|idMetacard|dateAdded|category|name|avg|low|trend|avg1|avg7|avg30|trend_foil,avg_foil|low_foil|avg1_foil|avg7_foil|avg30_foil,2026-08-04T11:20:15+0200,2026-08-04T02:47:19+0200,2026-08-04
706622,5236,102062,2023-04-14 10:14:02,Yugioh Single,Blue-Eyes White Dragon,7.81,4,7.35,7,7.34,7.58,,,0,,,,idProduct|idExpansion|idMetacard|dateAdded|category|name|avg|low|trend|avg1|avg7|avg30|trend_foil,avg_foil|low_foil|avg1_foil|avg7_foil|avg30_foil,2026-08-04T11:20:15+0200,2026-08-04T02:47:19+0200,2026-08-04
706623,5236,102062,2023-04-14 10:14:14,Yugioh Single,Blue-Eyes White Dragon,0.54,0.1,0.42,0.37,0.56,0.57,,,0,,,,idProduct|idExpansion|idMetacard|dateAdded|category|name|avg|low|trend|avg1|avg7|avg30|trend_foil,avg_foil|low_foil|avg1_foil|avg7_foil|avg30_foil,2026-08-04T11:20:15+0200,2026-08-04T02:47:19+0200,2026-08-04
706688,5339,102062,2023-04-14 12:05:13,Yugioh Single,Blue-Eyes White Dragon,48.76,21.9,37.81,24.99,45.36,46.04,,,0,,,,idProduct|idExpansion|idMetacard|dateAdded|category|name|avg|low|trend|avg1|avg7|avg30|trend_foil,avg_foil|low_foil|avg1_foil|avg7_foil|avg30_foil,2026-08-04T11:20:15+0200,2026-08-04T02:47:19+0200,2026-08-04
710232,4750,102062,2023-05-03 13:11:22,Yugioh Single,Blue-Eyes White Dragon,0.99,0.79,2.45,0.99,2.24,1.81,,,0,,,,idProduct|idExpansion|idMetacard|dateAdded|category|name|avg|low|trend|avg1|avg7|avg30|trend_foil,avg_foil|low_foil|avg1_foil|avg7_foil|avg30_foil,2026-08-04T11:20:15+0200,2026-08-04T02:47:19+0200,2026-08-04
711274,4760,102062,2023-05-11 14:10:07,Yugioh Single,Blue-Eyes White Dragon,3.95,13.95,3.95,3.95,3.9,3.9,,,0,,,,idProduct|idExpansion|idMetacard|dateAdded|category|name|avg|low|trend|avg1|avg7|avg30|trend_foil,avg_foil|low_foil|avg1_foil|avg7_foil|avg30_foil,2026-08-04T11:20:15+0200,2026-08-04T02:47:19+0200,2026-08-04
726013,4879,102062,2023-08-07 13:07:46,Yugioh Single,Blue-Eyes White Dragon,11.99,9.9,15.95,11.99,11.34,11.34,,,0,,,,idProduct|idExpansion|idMetacard|dateAdded|category|name|avg|low|trend|avg1|avg7|avg30|trend_foil,avg_foil|low_foil|avg1_foil|avg7_foil|avg30_foil,2026-08-04T11:20:15+0200,2026-08-04T02:47:19+0200,2026-08-04
726432,4889,102062,2023-08-08 10:09:36,Yugioh Single,Blue-Eyes White Dragon,1.33,1,3.52,1.5,4.03,4.54,,,0,,,,idProduct|idExpansion|idMetacard|dateAdded|category|name|avg|low|trend|avg1|avg7|avg30|trend_foil,avg_foil|low_foil|avg1_foil|avg7_foil|avg30_foil,2026-08-04T11:20:15+0200,2026-08-04T02:47:19+0200,2026-08-04
732598,4904,102062,2023-09-12 14:27:10,Yugioh Single,Blue-Eyes White Dragon,16.55,5,9.62,8.2,9.45,11.02,,,0,,,,idProduct|idExpansion|idMetacard|dateAdded|category|name|avg|low|trend|avg1|avg7|avg30|trend_foil,avg_foil|low_foil|avg1_foil|avg7_foil|avg30_foil,2026-08-04T11:20:15+0200,2026-08-04T02:47:19+0200,2026-08-04
732599,4904,102062,2023-09-12 14:28:09,Yugioh Single,Blue-Eyes White Dragon,17.5,12,21.45,17.5,16.56,16.56,,,0,,,,idProduct|idExpansion|idMetacard|dateAdded|category|name|avg|low|trend|avg1|avg7|avg30|trend_foil,avg_foil|low_foil|avg1_foil|avg7_foil|avg30_foil,2026-08-04T11:20:15+0200,2026-08-04T02:47:19+0200,2026-08-04
735231,4911,102062,2023-09-27 16:15:23,Yugioh Single,Blue-Eyes White Dragon,4.95,1.99,4.56,6.95,3.94,4.8,,,0,,,,idProduct|idExpansion|idMetacard|dateAdded|category|name|avg|low|trend|avg1|avg7|avg30|trend_foil,avg_foil|low_foil|avg1_foil|avg7_foil|avg30_foil,2026-08-04T11:20:15+0200,2026-08-04T02:47:19+0200,2026-08-04
735232,4911,102062,2023-09-27 16:15:35,Yugioh Single,Blue-Eyes White Dragon,42.95,5,22.74,5.9,29.18,15.14,,,0,,,,idProduct|idExpansion|idMetacard|dateAdded|category|name|avg|low|trend|avg1|avg7|avg30|trend_foil,avg_foil|low_foil|avg1_foil|avg7_foil|avg30_foil,2026-08-04T11:20:15+0200,2026-08-04T02:47:19+0200,2026-08-04
735233,4911,102062,2023-09-27 16:15:48,Yugioh Single,Blue-Eyes White Dragon,45.45,9.95,39.38,11.9,34.39,29.93,,,0,,,,idProduct|idExpansion|idMetacard|dateAdded|category|name|avg|low|trend|avg1|avg7|avg30|trend_foil,avg_foil|low_foil|avg1_foil|avg7_foil|avg30_foil,2026-08-04T11:20:15+0200,2026-08-04T02:47:19+0200,2026-08-04
735806,4919,102062,2023-09-29 12:53:31,Yugioh Single,Blue-Eyes White Dragon,1016.33,1250,878.39,1000,1064.14,694.33,,,0,,,,idProduct|idExpansion|idMetacard|dateAdded|category|name|avg|low|trend|avg1|avg7|avg30|trend_foil,avg_foil|low_foil|avg1_foil|avg7_foil|avg30_foil,2026-08-04T11:20:15+0200,2026-08-04T02:47:19+0200,2026-08-04
736048,4924,102062,2023-10-02 10:33:02,Yugioh Single,Blue-Eyes White Dragon,11.27,2.9,10.18,7.95,10.42,11.62,,,0,,,,idProduct|idExpansion|idMetacard|dateAdded|category|name|avg|low|trend|avg1|avg7|avg30|trend_foil,avg_foil|low_foil|avg1_foil|avg7_foil|avg30_foil,2026-08-04T11:20:15+0200,2026-08-04T02:47:19+0200,2026-08-04
736359,4930,102062,2023-10-02 14:08:50,Yugioh Single,Blue-Eyes White Dragon,47.1,19.99,65.76,26.9,68.4,54.45,,,0,,,,idProduct|idExpansion|idMetacard|dateAdded|category|name|avg|low|trend|avg1|avg7|avg30|trend_foil,avg_foil|low_foil|avg1_foil|avg7_foil|avg30_foil,2026-08-04T11:20:15+0200,2026-08-04T02:47:19+0200,2026-08-04
736583,4937,102062,2023-10-02 15:27:46,Yugioh Single,Blue-Eyes White Dragon,27,2.45,42.63,25,81.57,33.41,,,0,,,,idProduct|idExpansion|idMetacard|dateAdded|category|name|avg|low|trend|avg1|avg7|avg30|trend_foil,avg_foil|low_foil|avg1_foil|avg7_foil|avg30_foil,2026-08-04T11:20:15+0200,2026-08-04T02:47:19+0200,2026-08-04
737346,4945,102062,2023-10-04 12:09:06,Yugioh Single,Blue-Eyes White Dragon,135,37.5,71.78,135,61.85,65.37,,,0,,,,idProduct|idExpansion|idMetacard|dateAdded|category|name|avg|low|trend|avg1|avg7|avg30|trend_foil,avg_foil|low_foil|avg1_foil|avg7_foil|avg30_foil,2026-08-04T11:20:15+0200,2026-08-04T02:47:19+0200,2026-08-04
749484,5570,102062,2024-01-02 11:16:35,Yugioh Single,Blue-Eyes White Dragon,2.91,0.99,2.43,2.5,2.57,3.19,,,0,,,,idProduct|idExpansion|idMetacard|dateAdded|category|name|avg|low|trend|avg1|avg7|avg30|trend_foil,avg_foil|low_foil|avg1_foil|avg7_foil|avg30_foil,2026-08-04T11:20:15+0200,2026-08-04T02:47:19+0200,2026-08-04
749485,5570,102062,2024-01-02 11:16:54,Yugioh Single,Blue-Eyes White Dragon,9.9,9,9.31,11.95,9.07,9.89,,,0,,,,idProduct|idExpansion|idMetacard|dateAdded|category|name|avg|low|trend|avg1|avg7|avg30|trend_foil,avg_foil|low_foil|avg1_foil|avg7_foil|avg30_foil,2026-08-04T11:20:15+0200,2026-08-04T02:47:19+0200,2026-08-04
749486,5570,102062,2024-01-02 11:17:12,Yugioh Single,Blue-Eyes White Dragon,62,69.9,58.08,62,75.95,77.69,,,0,,,,idProduct|idExpansion|idMetacard|dateAdded|category|name|avg|low|trend|avg1|avg7|avg30|trend_foil,avg_foil|low_foil|avg1_foil|avg7_foil|avg30_foil,2026-08-04T11:20:15+0200,2026-08-04T02:47:19+0200,2026-08-04
756268,1191,102062,2024-02-13 14:43:14,Yugioh Single,Blue-Eyes White Dragon,21.48,12.5,25.03,23,19.66,17.75,,,0,,,,idProduct|idExpansion|idMetacard|dateAdded|category|name|avg|low|trend|avg1|avg7|avg30|trend_foil,avg_foil|low_foil|avg1_foil|avg7_foil|avg30_foil,2026-08-04T11:20:15+0200,2026-08-04T02:47:19+0200,2026-08-04
760160,5680,102062,2024-03-05 09:58:39,Yugioh Single,Blue-Eyes White Dragon,292.83,279,259.2,265.65,241.48,225.21,,,0,,,,idProduct|idExpansion|idMetacard|dateAdded|category|name|avg|low|trend|avg1|avg7|avg30|trend_foil,avg_foil|low_foil|avg1_foil|avg7_foil|avg30_foil,2026-08-04T11:20:15+0200,2026-08-04T02:47:19+0200,2026-08-04
760164,5680,102062,2024-03-05 10:00:37,Yugioh Single,Blue-Eyes White Dragon,7.25,4.95,34.19,48.99,29.56,17.5,,,0,,,,idProduct|idExpansion|idMetacard|dateAdded|category|name|avg|low|trend|avg1|avg7|avg30|trend_foil,avg_foil|low_foil|avg1_foil|avg7_foil|avg30_foil,2026-08-04T11:20:15+0200,2026-08-04T02:47:19+0200,2026-08-04
760222,5680,102062,2024-03-05 10:13:10,Yugioh Single,Blue-Eyes White Dragon,276.8,100,208.56,283.75,230.35,184.03,,,0,,,,idProduct|idExpansion|idMetacard|dateAdded|category|name|avg|low|trend|avg1|avg7|avg30|trend_foil,avg_foil|low_foil|avg1_foil|avg7_foil|avg30_foil,2026-08-04T11:20:15+0200,2026-08-04T02:47:19+0200,2026-08-04
762669,5702,102062,2024-03-25 12:53:41,Yugioh Single,Blue-Eyes White Dragon,10,4.98,10.83,9.99,10.24,6.92,,,0,,,,idProduct|idExpansion|idMetacard|dateAdded|category|name|avg|low|trend|avg1|avg7|avg30|trend_foil,avg_foil|low_foil|avg1_foil|avg7_foil|avg30_foil,2026-08-04T11:20:15+0200,2026-08-04T02:47:19+0200,2026-08-04
762867,5702,102062,2024-03-25 13:53:56,Yugioh Single,Blue-Eyes White Dragon,21.33,17,25.19,12.45,23.78,22.73,,,0,,,,idProduct|idExpansion|idMetacard|dateAdded|category|name|avg|low|trend|avg1|avg7|avg30|trend_foil,avg_foil|low_foil|avg1_foil|avg7_foil|avg30_foil,2026-08-04T11:20:15+0200,2026-08-04T02:47:19+0200,2026-08-04
763065,5702,102062,2024-03-25 14:42:42,Yugioh Single,Blue-Eyes White Dragon,270,310,291.43,320,313.31,313.31,,,0,,,,idProduct|idExpansion|idMetacard|dateAdded|category|name|avg|low|trend|avg1|avg7|avg30|trend_foil,avg_foil|low_foil|avg1_foil|avg7_foil|avg30_foil,2026-08-04T11:20:15+0200,2026-08-04T02:47:19+0200,2026-08-04
763268,5702,102062,2024-03-25 15:31:29,Yugioh Single,Blue-Eyes White Dragon,70,69.95,105.35,70,101.13,76.45,,,0,,,,idProduct|idExpansion|idMetacard|dateAdded|category|name|avg|low|trend|avg1|avg7|avg30|trend_foil,avg_foil|low_foil|avg1_foil|avg7_foil|avg30_foil,2026-08-04T11:20:15+0200,2026-08-04T02:47:19+0200,2026-08-04
777188,5821,102062,2024-07-08 12:49:05,Yugioh Single,Blue-Eyes White Dragon,8.15,8.6,15.87,7.5,9.31,12.62,,,0,,,,idProduct|idExpansion|idMetacard|dateAdded|category|name|avg|low|trend|avg1|avg7|avg30|trend_foil,avg_foil|low_foil|avg1_foil|avg7_foil|avg30_foil,2026-08-04T11:20:15+0200,2026-08-04T02:47:19+0200,2026-08-04
785233,5433,102062,2024-08-26 14:16:30,Yugioh Single,Blue-Eyes White Dragon,14.38,11.95,17.05,11.94,14.23,14.69,,,0,,,,idProduct|idExpansion|idMetacard|dateAdded|category|name|avg|low|trend|avg1|avg7|avg30|trend_foil,avg_foil|low_foil|avg1_foil|avg7_foil|avg30_foil,2026-08-04T11:20:15+0200,2026-08-04T02:47:19+0200,2026-08-04
785706,1176,102062,2024-08-29 10:14:23,Yugioh Single,Blue-Eyes White Dragon,16.98,13,16.68,22.19,16.71,18.4,,,0,,,,idProduct|idExpansion|idMetacard|dateAdded|category|name|avg|low|trend|avg1|avg7|avg30|trend_foil,avg_foil|low_foil|avg1_foil|avg7_foil|avg30_foil,2026-08-04T11:20:15+0200,2026-08-04T02:47:19+0200,2026-08-04
786885,5891,102062,2024-09-09 12:05:30,Yugioh Single,Blue-Eyes White Dragon,0.5,0.38,0.33,0.5,0.56,1.17,,,0,,,,idProduct|idExpansion|idMetacard|dateAdded|category|name|avg|low|trend|avg1|avg7|avg30|trend_foil,avg_foil|low_foil|avg1_foil|avg7_foil|avg30_foil,2026-08-04T11:20:15+0200,2026-08-04T02:47:19+0200,2026-08-04
786886,5891,102062,2024-09-09 12:05:57,Yugioh Single,Blue-Eyes White Dragon,0.99,0.5,0.53,0.99,0.79,1.59,,,0,,,,idProduct|idExpansion|idMetacard|dateAdded|category|name|avg|low|trend|avg1|avg7|avg30|trend_foil,avg_foil|low_foil|avg1_foil|avg7_foil|avg30_foil,2026-08-04T11:20:15+0200,2026-08-04T02:47:19+0200,2026-08-04
786887,5891,102062,2024-09-09 12:06:16,Yugioh Single,Blue-Eyes White Dragon,0.5,0.2,0.8,1.48,0.91,1.79,,,0,,,,idProduct|idExpansion|idMetacard|dateAdded|category|name|avg|low|trend|avg1|avg7|avg30|trend_foil,avg_foil|low_foil|avg1_foil|avg7_foil|avg30_foil,2026-08-04T11:20:15+0200,2026-08-04T02:47:19+0200,2026-08-04
788433,5735,102062,2024-09-16 10:07:23,Yugioh Single,Blue-Eyes White Dragon,23.74,17.99,23.8,26.82,23.98,25.31,,,0,,,,idProduct|idExpansion|idMetacard|dateAdded|category|name|avg|low|trend|avg1|avg7|avg30|trend_foil,avg_foil|low_foil|avg1_foil|avg7_foil|avg30_foil,2026-08-04T11:20:15+0200,2026-08-04T02:47:19+0200,2026-08-04
798466,5848,102062,2024-11-04 16:14:56,Yugioh Single,Blue-Eyes White Dragon,5.89,4,5.99,6.93,6.62,6.03,,,0,,,,idProduct|idExpansion|idMetacard|dateAdded|category|name|avg|low|trend|avg1|avg7|avg30|trend_foil,avg_foil|low_foil|avg1_foil|avg7_foil|avg30_foil,2026-08-04T11:20:15+0200,2026-08-04T02:47:19+0200,2026-08-04
798544,5848,102062,2024-11-04 16:31:24,Yugioh Single,Blue-Eyes White Dragon,134.15,120,132.48,127,132.25,127.24,,,0,,,,idProduct|idExpansion|idMetacard|dateAdded|category|name|avg|low|trend|avg1|avg7|avg30|trend_foil,avg_foil|low_foil|avg1_foil|avg7_foil|avg30_foil,2026-08-04T11:20:15+0200,2026-08-04T02:47:19+0200,2026-08-04
803912,5933,102062,2024-12-11 11:34:41,Yugioh Single,Blue-Eyes White Dragon,0.21,0.02,0.44,0.73,0.37,0.8,,,0,,,,idProduct|idExpansion|idMetacard|dateAdded|category|name|avg|low|trend|avg1|avg7|avg30|trend_foil,avg_foil|low_foil|avg1_foil|avg7_foil|avg30_foil,2026-08-04T11:20:15+0200,2026-08-04T02:47:19+0200,2026-08-04
804098,5933,102062,2024-12-11 12:20:31,Yugioh Single,Blue-Eyes White Dragon,12.3,11.27,11.38,11.99,11.53,11.79,,,0,,,,idProduct|idExpansion|idMetacard|dateAdded|category|name|avg|low|trend|avg1|avg7|avg30|trend_foil,avg_foil|low_foil|avg1_foil|avg7_foil|avg30_foil,2026-08-04T11:20:15+0200,2026-08-04T02:47:19+0200,2026-08-04
809641,5909,102062,2025-02-04 13:30:16,Yugioh Single,Blue-Eyes White Dragon,0.14,0.02,0.14,0.08,0.19,0.12,,,0,,,,idProduct|idExpansion|idMetacard|dateAdded|category|name|avg|low|trend|avg1|avg7|avg30|trend_foil,avg_foil|low_foil|avg1_foil|avg7_foil|avg30_foil,2026-08-04T11:20:15+0200,2026-08-04T02:47:19+0200,2026-08-04
809642,5909,102062,2025-02-04 13:31:50,Yugioh Single,Blue-Eyes White Dragon,0.11,0.02,0.16,0.1,0.15,0.11,,,0,,,,idProduct|idExpansion|idMetacard|dateAdded|category|name|avg|low|trend|avg1|avg7|avg30|trend_foil,avg_foil|low_foil|avg1_foil|avg7_foil|avg30_foil,2026-08-04T11:20:15+0200,2026-08-04T02:47:19+0200,2026-08-04
809643,5909,102062,2025-02-04 13:39:01,Yugioh Single,Blue-Eyes White Dragon,0.13,0.02,0.21,0.1,0.21,0.14,,,0,,,,idProduct|idExpansion|idMetacard|dateAdded|category|name|avg|low|trend|avg1|avg7|avg30|trend_foil,avg_foil|low_foil|avg1_foil|avg7_foil|avg30_foil,2026-08-04T11:20:15+0200,2026-08-04T02:47:19+0200,2026-08-04
812172,6051,102062,2025-02-17 16:30:46,Yugioh Single,Blue-Eyes White Dragon,29.03,25,29.9,34.94,29.03,31.39,,,0,,,,idProduct|idExpansion|idMetacard|dateAdded|category|name|avg|low|trend|avg1|avg7|avg30|trend_foil,avg_foil|low_foil|avg1_foil|avg7_foil|avg30_foil,2026-08-04T11:20:15+0200,2026-08-04T02:47:19+0200,2026-08-04
812394,6053,102062,2025-02-17 17:35:48,Yugioh Single,Blue-Eyes White Dragon,143.75,147,125.39,190,119.87,101.08,,,0,,,,idProduct|idExpansion|idMetacard|dateAdded|category|name|avg|low|trend|avg1|avg7|avg30|trend_foil,avg_foil|low_foil|avg1_foil|avg7_foil|avg30_foil,2026-08-04T11:20:15+0200,2026-08-04T02:47:19+0200,2026-08-04
813118,6061,102062,2025-02-24 11:13:39,Yugioh Single,Blue-Eyes White Dragon,1.09,0.3,0.55,2.49,0.7,0.41,,,0,,,,idProduct|idExpansion|idMetacard|dateAdded|category|name|avg|low|trend|avg1|avg7|avg30|trend_foil,avg_foil|low_foil|avg1_foil|avg7_foil|avg30_foil,2026-08-04T11:20:15+0200,2026-08-04T02:47:19+0200,2026-08-04
813291,6061,102062,2025-02-24 12:46:16,Yugioh Single,Blue-Eyes White Dragon,2.11,0.5,1.6,2.25,1.6,1.58,,,0,,,,idProduct|idExpansion|idMetacard|dateAdded|category|name|avg|low|trend|avg1|avg7|avg30|trend_foil,avg_foil|low_foil|avg1_foil|avg7_foil|avg30_foil,2026-08-04T11:20:15+0200,2026-08-04T02:47:19+0200,2026-08-04
813292,6061,102062,2025-02-24 12:46:26,Yugioh Single,Blue-Eyes White Dragon,2.97,2.9,3.1,2.95,2.89,2.94,,,0,,,,idProduct|idExpansion|idMetacard|dateAdded|category|name|avg|low|trend|avg1|avg7|avg30|trend_foil,avg_foil|low_foil|avg1_foil|avg7_foil|avg30_foil,2026-08-04T11:20:15+0200,2026-08-04T02:47:19+0200,2026-08-04
813294,6061,102062,2025-02-24 12:46:35,Yugioh Single,Blue-Eyes White Dragon,3.46,2.95,3.51,2.9,3.39,3.41,,,0,,,,idProduct|idExpansion|idMetacard|dateAdded|category|name|avg|low|trend|avg1|avg7|avg30|trend_foil,avg_foil|low_foil|avg1_foil|avg7_foil|avg30_foil,2026-08-04T11:20:15+0200,2026-08-04T02:47:19+0200,2026-08-04
813295,6061,102062,2025-02-24 12:46:45,Yugioh Single,Blue-Eyes White Dragon,4.11,2.4,4,2.49,3.95,3.61,,,0,,,,idProduct|idExpansion|idMetacard|dateAdded|category|name|avg|low|trend|avg1|avg7|avg30|trend_foil,avg_foil|low_foil|avg1_foil|avg7_foil|avg30_foil,2026-08-04T11:20:15+0200,2026-08-04T02:47:19+0200,2026-08-04
813544,6061,102062,2025-02-24 13:26:02,Yugioh Single,Blue-Eyes White Dragon,16.5,14,17.42,14,18.11,18.57,,,0,,,,idProduct|idExpansion|idMetacard|dateAdded|category|name|avg|low|trend|avg1|avg7|avg30|trend_foil,avg_foil|low_foil|avg1_foil|avg7_foil|avg30_foil,2026-08-04T11:20:15+0200,2026-08-04T02:47:19+0200,2026-08-04
813545,6061,102062,2025-02-24 13:26:12,Yugioh Single,Blue-Eyes White Dragon,24.33,20,21.51,23,21.34,22.79,,,0,,,,idProduct|idExpansion|idMetacard|dateAdded|category|name|avg|low|trend|avg1|avg7|avg30|trend_foil,avg_foil|low_foil|avg1_foil|avg7_foil|avg30_foil,2026-08-04T11:20:15+0200,2026-08-04T02:47:19+0200,2026-08-04
813546,6061,102062,2025-02-24 13:26:21,Yugioh Single,Blue-Eyes White Dragon,32.25,29.99,27.03,31.99,26.33,25.32,,,0,,,,idProduct|idExpansion|idMetacard|dateAdded|category|name|avg|low|trend|avg1|avg7|avg30|trend_foil,avg_foil|low_foil|avg1_foil|avg7_foil|avg30_foil,2026-08-04T11:20:15+0200,2026-08-04T02:47:19+0200,2026-08-04
813547,6061,102062,2025-02-24 13:26:30,Yugioh Single,Blue-Eyes White Dragon,16.99,16,17.04,16.99,18.12,18.82,,,0,,,,idProduct|idExpansion|idMetacard|dateAdded|category|name|avg|low|trend|avg1|avg7|avg30|trend_foil,avg_foil|low_foil|avg1_foil|avg7_foil|avg30_foil,2026-08-04T11:20:15+0200,2026-08-04T02:47:19+0200,2026-08-04
813548,6061,102062,2025-02-24 13:26:40,Yugioh Single,Blue-Eyes White Dragon,128.5,159,120.02,149,190.24,190.24,,,0,,,,idProduct|idExpansion|idMetacard|dateAdded|category|name|avg|low|trend|avg1|avg7|avg30|trend_foil,avg_foil|low_foil|avg1_foil|avg7_foil|avg30_foil,2026-08-04T11:20:15+0200,2026-08-04T02:47:19+0200,2026-08-04
820696,5989,102062,2025-04-04 12:55:52,Yugioh Single,Blue-Eyes White Dragon,51.2,40,53.44,43.89,52.87,46.46,,,0,,,,idProduct|idExpansion|idMetacard|dateAdded|category|name|avg|low|trend|avg1|avg7|avg30|trend_foil,avg_foil|low_foil|avg1_foil|avg7_foil|avg30_foil,2026-08-04T11:20:15+0200,2026-08-04T02:47:19+0200,2026-08-04
820971,5989,102062,2025-04-04 16:29:53,Yugioh Single,Blue-Eyes White Dragon,4.13,2,4.14,3.88,4.06,4.11,,,0,,,,idProduct|idExpansion|idMetacard|dateAdded|category|name|avg|low|trend|avg1|avg7|avg30|trend_foil,avg_foil|low_foil|avg1_foil|avg7_foil|avg30_foil,2026-08-04T11:20:15+0200,2026-08-04T02:47:19+0200,2026-08-04
820972,5989,102062,2025-04-04 16:30:02,Yugioh Single,Blue-Eyes White Dragon,3.47,1.9,3.4,2.3,3.26,3.62,,,0,,,,idProduct|idExpansion|idMetacard|dateAdded|category|name|avg|low|trend|avg1|avg7|avg30|trend_foil,avg_foil|low_foil|avg1_foil|avg7_foil|avg30_foil,2026-08-04T11:20:15+0200,2026-08-04T02:47:19+0200,2026-08-04
821156,5989,102062,2025-04-04 17:08:39,Yugioh Single,Blue-Eyes White Dragon,13.58,10.5,13.71,11.45,13.98,13.84,,,0,,,,idProduct|idExpansion|idMetacard|dateAdded|category|name|avg|low|trend|avg1|avg7|avg30|trend_foil,avg_foil|low_foil|avg1_foil|avg7_foil|avg30_foil,2026-08-04T11:20:15+0200,2026-08-04T02:47:19+0200,2026-08-04
821157,5989,102062,2025-04-04 17:09:23,Yugioh Single,Blue-Eyes White Dragon,16.99,12.99,17.81,17.01,18.34,18.87,,,0,,,,idProduct|idExpansion|idMetacard|dateAdded|category|name|avg|low|trend|avg1|avg7|avg30|trend_foil,avg_foil|low_foil|avg1_foil|avg7_foil|avg30_foil,2026-08-04T11:20:15+0200,2026-08-04T02:47:19+0200,2026-08-04
826647,6146,102062,2025-05-21 13:49:12,Yugioh Single,Blue-Eyes White Dragon,292,260,256.56,350,168.44,127.1,,,0,,,,idProduct|idExpansion|idMetacard|dateAdded|category|name|avg|low|trend|avg1|avg7|avg30|trend_foil,avg_foil|low_foil|avg1_foil|avg7_foil|avg30_foil,2026-08-04T11:20:15+0200,2026-08-04T02:47:19+0200,2026-08-04
827275,6155,102062,2025-05-27 16:07:26,Yugioh Single,Blue-Eyes White Dragon,224.98,219,238.92,249.95,242.71,237.37,,,0,,,,idProduct|idExpansion|idMetacard|dateAdded|category|name|avg|low|trend|avg1|avg7|avg30|trend_foil,avg_foil|low_foil|avg1_foil|avg7_foil|avg30_foil,2026-08-04T11:20:15+0200,2026-08-04T02:47:19+0200,2026-08-04
829743,6165,102062,2025-06-10 10:36:32,Yugioh Single,Blue-Eyes White Dragon,210,279.35,210,300,300,300,,,0,,,,idProduct|idExpansion|idMetacard|dateAdded|category|name|avg|low|trend|avg1|avg7|avg30|trend_foil,avg_foil|low_foil|avg1_foil|avg7_foil|avg30_foil,2026-08-04T11:20:15+0200,2026-08-04T02:47:19+0200,2026-08-04
830120,6155,102062,2025-06-16 10:15:27,Yugioh Single,Blue-Eyes White Dragon,22.69,18,21.65,21.39,23.16,25.25,,,0,,,,idProduct|idExpansion|idMetacard|dateAdded|category|name|avg|low|trend|avg1|avg7|avg30|trend_foil,avg_foil|low_foil|avg1_foil|avg7_foil|avg30_foil,2026-08-04T11:20:15+0200,2026-08-04T02:47:19+0200,2026-08-04
830169,6172,102062,2025-06-18 10:30:57,Yugioh Single,Blue-Eyes White Dragon,127.82,90,146.06,156.33,156.01,134.95,,,0,,,,idProduct|idExpansion|idMetacard|dateAdded|category|name|avg|low|trend|avg1|avg7|avg30|trend_foil,avg_foil|low_foil|avg1_foil|avg7_foil|avg30_foil,2026-08-04T11:20:15+0200,2026-08-04T02:47:19+0200,2026-08-04
842833,6165,102062,2025-08-13 15:13:32,Yugioh Single,Blue-Eyes White Dragon,149.99,139.99,124.57,139.99,146.42,163.18,,,0,,,,idProduct|idExpansion|idMetacard|dateAdded|category|name|avg|low|trend|avg1|avg7|avg30|trend_foil,avg_foil|low_foil|avg1_foil|avg7_foil|avg30_foil,2026-08-04T11:20:15+0200,2026-08-04T02:47:19+0200,2026-08-04
843162,6069,102062,2025-08-15 11:38:27,Yugioh Single,Blue-Eyes White Dragon,100.06,69.99,102.5,108.76,93.6,97.03,,,0,,,,idProduct|idExpansion|idMetacard|dateAdded|category|name|avg|low|trend|avg1|avg7|avg30|trend_foil,avg_foil|low_foil|avg1_foil|avg7_foil|avg30_foil,2026-08-04T11:20:15+0200,2026-08-04T02:47:19+0200,2026-08-04
843165,6069,102062,2025-08-15 11:40:21,Yugioh Single,Blue-Eyes White Dragon,10.61,5,9.99,9.88,10.22,10.65,,,0,,,,idProduct|idExpansion|idMetacard|dateAdded|category|name|avg|low|trend|avg1|avg7|avg30|trend_foil,avg_foil|low_foil|avg1_foil|avg7_foil|avg30_foil,2026-08-04T11:20:15+0200,2026-08-04T02:47:19+0200,2026-08-04
869943,6473,102062,2026-01-29 13:17:31,Yugioh Single,Blue-Eyes White Dragon,4.64,1.9,4.12,7.85,4.81,5.81,,,0,,,,idProduct|idExpansion|idMetacard|dateAdded|category|name|avg|low|trend|avg1|avg7|avg30|trend_foil,avg_foil|low_foil|avg1_foil|avg7_foil|avg30_foil,2026-08-04T11:20:15+0200,2026-08-04T02:47:19+0200,2026-08-04
869991,6473,102062,2026-01-29 13:27:46,Yugioh Single,Blue-Eyes White Dragon,15.2,6.75,16.22,16.4,13.21,15.97,,,0,,,,idProduct|idExpansion|idMetacard|dateAdded|category|name|avg|low|trend|avg1|avg7|avg30|trend_foil,avg_foil|low_foil|avg1_foil|avg7_foil|avg30_foil,2026-08-04T11:20:15+0200,2026-08-04T02:47:19+0200,2026-08-04
870040,6473,102062,2026-01-29 13:45:19,Yugioh Single,Blue-Eyes White Dragon,260,300,260,260,275,275,,,0,,,,idProduct|idExpansion|idMetacard|dateAdded|category|name|avg|low|trend|avg1|avg7|avg30|trend_foil,avg_foil|low_foil|avg1_foil|avg7_foil|avg30_foil,2026-08-04T11:20:15+0200,2026-08-04T02:47:19+0200,2026-08-04
881264,6424,102062,2026-04-02 11:29:07,Yugioh Single,Blue-Eyes White Dragon,2.81,0.7,2.8,3.31,2.85,2.89,,,0,,,,idProduct|idExpansion|idMetacard|dateAdded|category|name|avg|low|trend|avg1|avg7|avg30|trend_foil,avg_foil|low_foil|avg1_foil|avg7_foil|avg30_foil,2026-08-04T11:20:15+0200,2026-08-04T02:47:19+0200,2026-08-04
881265,6424,102062,2026-04-02 11:29:21,Yugioh Single,Blue-Eyes White Dragon,18.85,13.5,17.39,15,17.94,18.33,,,0,,,,idProduct|idExpansion|idMetacard|dateAdded|category|name|avg|low|trend|avg1|avg7|avg30|trend_foil,avg_foil|low_foil|avg1_foil|avg7_foil|avg30_foil,2026-08-04T11:20:15+0200,2026-08-04T02:47:19+0200,2026-08-04
894288,6155,102062,2026-06-19 14:12:25,Yugioh Single,Blue-Eyes White Dragon,,,,,,,,,,,,,idProduct|idExpansion|idMetacard|dateAdded|category|name,avg|low|trend|avg1|avg7|avg30|avg_foil|low_foil|trend_foil|avg1_foil|avg7_foil|avg30_foil,2026-08-04T11:20:15+0200,2026-08-04T02:47:19+0200,2026-08-04
